CenterLat,CenterLon,lon_180,Concentration,Sigma
-87.5,2.5,2.5,NaN,NaN
-87.5,7.5,7.5,NaN,NaN
-87.5,12.5,12.5,NaN,NaN
-87.5,17.5,17.5,NaN,NaN
-87.5,22.5,22.5,NaN,NaN
-87.5,27.5,27.5,NaN,NaN
-87.5,32.5,32.5,NaN,NaN
-87.5,37.5,37.5,NaN,NaN
-87.5,42.5,42.5,NaN,NaN
-87.5,47.5,47.5,NaN,NaN
-87.5,52.5,52.5,NaN,NaN
-87.5,57.5,57.5,NaN,NaN
-87.5,62.5,62.5,NaN,NaN
-87.5,67.5,67.5,NaN,NaN
-87.5,72.5,72.5,NaN,NaN
-87.5,77.5,77.5,NaN,NaN
-87.5,82.5,82.5,NaN,NaN
-87.5,87.5,87.5,NaN,NaN
-87.5,92.5,92.5,NaN,NaN
-87.5,97.5,97.5,NaN,NaN
-87.5,102.5,102.5,NaN,NaN
-87.5,107.5,107.5,NaN,NaN
-87.5,112.5,112.5,NaN,NaN
-87.5,117.5,117.5,NaN,NaN
-87.5,122.5,122.5,NaN,NaN
-87.5,127.5,127.5,NaN,NaN
-87.5,132.5,132.5,NaN,NaN
-87.5,137.5,137.5,NaN,NaN
-87.5,142.5,142.5,NaN,NaN
-87.5,147.5,147.5,NaN,NaN
-87.5,152.5,152.5,NaN,NaN
-87.5,157.5,157.5,NaN,NaN
-87.5,162.5,162.5,NaN,NaN
-87.5,167.5,167.5,NaN,NaN
-87.5,172.5,172.5,NaN,NaN
-87.5,177.5,177.5,NaN,NaN
-87.5,182.5,-177.5,NaN,NaN
-87.5,187.5,-172.5,NaN,NaN
-87.5,192.5,-167.5,NaN,NaN
-87.5,197.5,-162.5,NaN,NaN
-87.5,202.5,-157.5,NaN,NaN
-87.5,207.5,-152.5,NaN,NaN
-87.5,212.5,-147.5,NaN,NaN
-87.5,217.5,-142.5,NaN,NaN
-87.5,222.5,-137.5,NaN,NaN
-87.5,227.5,-132.5,NaN,NaN
-87.5,232.5,-127.5,NaN,NaN
-87.5,237.5,-122.5,NaN,NaN
-87.5,242.5,-117.5,NaN,NaN
-87.5,247.5,-112.5,NaN,NaN
-87.5,252.5,-107.5,NaN,NaN
-87.5,257.5,-102.5,NaN,NaN
-87.5,262.5,-97.5,NaN,NaN
-87.5,267.5,-92.5,NaN,NaN
-87.5,272.5,-87.5,NaN,NaN
-87.5,277.5,-82.5,NaN,NaN
-87.5,282.5,-77.5,NaN,NaN
-87.5,287.5,-72.5,NaN,NaN
-87.5,292.5,-67.5,NaN,NaN
-87.5,297.5,-62.5,NaN,NaN
-87.5,302.5,-57.5,NaN,NaN
-87.5,307.5,-52.5,NaN,NaN
-87.5,312.5,-47.5,NaN,NaN
-87.5,317.5,-42.5,NaN,NaN
-87.5,322.5,-37.5,NaN,NaN
-87.5,327.5,-32.5,NaN,NaN
-87.5,332.5,-27.5,NaN,NaN
-87.5,337.5,-22.5,NaN,NaN
-87.5,342.5,-17.5,NaN,NaN
-87.5,347.5,-12.5,NaN,NaN
-87.5,352.5,-7.5,NaN,NaN
-87.5,357.5,-2.5,NaN,NaN
-82.5,2.5,2.5,NaN,NaN
-82.5,7.5,7.5,NaN,NaN
-82.5,12.5,12.5,NaN,NaN
-82.5,17.5,17.5,NaN,NaN
-82.5,22.5,22.5,NaN,NaN
-82.5,27.5,27.5,NaN,NaN
-82.5,32.5,32.5,NaN,NaN
-82.5,37.5,37.5,NaN,NaN
-82.5,42.5,42.5,NaN,NaN
-82.5,47.5,47.5,NaN,NaN
-82.5,52.5,52.5,NaN,NaN
-82.5,57.5,57.5,NaN,NaN
-82.5,62.5,62.5,NaN,NaN
-82.5,67.5,67.5,NaN,NaN
-82.5,72.5,72.5,NaN,NaN
-82.5,77.5,77.5,NaN,NaN
-82.5,82.5,82.5,NaN,NaN
-82.5,87.5,87.5,NaN,NaN
-82.5,92.5,92.5,NaN,NaN
-82.5,97.5,97.5,NaN,NaN
-82.5,102.5,102.5,NaN,NaN
-82.5,107.5,107.5,NaN,NaN
-82.5,112.5,112.5,NaN,NaN
-82.5,117.5,117.5,NaN,NaN
-82.5,122.5,122.5,NaN,NaN
-82.5,127.5,127.5,NaN,NaN
-82.5,132.5,132.5,NaN,NaN
-82.5,137.5,137.5,NaN,NaN
-82.5,142.5,142.5,NaN,NaN
-82.5,147.5,147.5,NaN,NaN
-82.5,152.5,152.5,NaN,NaN
-82.5,157.5,157.5,NaN,NaN
-82.5,162.5,162.5,NaN,NaN
-82.5,167.5,167.5,NaN,NaN
-82.5,172.5,172.5,NaN,NaN
-82.5,177.5,177.5,NaN,NaN
-82.5,182.5,-177.5,NaN,NaN
-82.5,187.5,-172.5,NaN,NaN
-82.5,192.5,-167.5,NaN,NaN
-82.5,197.5,-162.5,NaN,NaN
-82.5,202.5,-157.5,NaN,NaN
-82.5,207.5,-152.5,NaN,NaN
-82.5,212.5,-147.5,NaN,NaN
-82.5,217.5,-142.5,NaN,NaN
-82.5,222.5,-137.5,NaN,NaN
-82.5,227.5,-132.5,NaN,NaN
-82.5,232.5,-127.5,NaN,NaN
-82.5,237.5,-122.5,NaN,NaN
-82.5,242.5,-117.5,NaN,NaN
-82.5,247.5,-112.5,NaN,NaN
-82.5,252.5,-107.5,NaN,NaN
-82.5,257.5,-102.5,NaN,NaN
-82.5,262.5,-97.5,NaN,NaN
-82.5,267.5,-92.5,NaN,NaN
-82.5,272.5,-87.5,NaN,NaN
-82.5,277.5,-82.5,NaN,NaN
-82.5,282.5,-77.5,NaN,NaN
-82.5,287.5,-72.5,NaN,NaN
-82.5,292.5,-67.5,NaN,NaN
-82.5,297.5,-62.5,NaN,NaN
-82.5,302.5,-57.5,NaN,NaN
-82.5,307.5,-52.5,NaN,NaN
-82.5,312.5,-47.5,NaN,NaN
-82.5,317.5,-42.5,NaN,NaN
-82.5,322.5,-37.5,NaN,NaN
-82.5,327.5,-32.5,NaN,NaN
-82.5,332.5,-27.5,NaN,NaN
-82.5,337.5,-22.5,NaN,NaN
-82.5,342.5,-17.5,NaN,NaN
-82.5,347.5,-12.5,NaN,NaN
-82.5,352.5,-7.5,NaN,NaN
-82.5,357.5,-2.5,NaN,NaN
-77.5,2.5,2.5,NaN,NaN
-77.5,7.5,7.5,NaN,NaN
-77.5,12.5,12.5,NaN,NaN
-77.5,17.5,17.5,NaN,NaN
-77.5,22.5,22.5,NaN,NaN
-77.5,27.5,27.5,NaN,NaN
-77.5,32.5,32.5,NaN,NaN
-77.5,37.5,37.5,NaN,NaN
-77.5,42.5,42.5,NaN,NaN
-77.5,47.5,47.5,NaN,NaN
-77.5,52.5,52.5,NaN,NaN
-77.5,57.5,57.5,NaN,NaN
-77.5,62.5,62.5,NaN,NaN
-77.5,67.5,67.5,NaN,NaN
-77.5,72.5,72.5,NaN,NaN
-77.5,77.5,77.5,NaN,NaN
-77.5,82.5,82.5,NaN,NaN
-77.5,87.5,87.5,NaN,NaN
-77.5,92.5,92.5,NaN,NaN
-77.5,97.5,97.5,NaN,NaN
-77.5,102.5,102.5,NaN,NaN
-77.5,107.5,107.5,NaN,NaN
-77.5,112.5,112.5,NaN,NaN
-77.5,117.5,117.5,NaN,NaN
-77.5,122.5,122.5,NaN,NaN
-77.5,127.5,127.5,NaN,NaN
-77.5,132.5,132.5,NaN,NaN
-77.5,137.5,137.5,NaN,NaN
-77.5,142.5,142.5,NaN,NaN
-77.5,147.5,147.5,NaN,NaN
-77.5,152.5,152.5,NaN,NaN
-77.5,157.5,157.5,NaN,NaN
-77.5,162.5,162.5,NaN,NaN
-77.5,167.5,167.5,NaN,NaN
-77.5,172.5,172.5,NaN,NaN
-77.5,177.5,177.5,NaN,NaN
-77.5,182.5,-177.5,NaN,NaN
-77.5,187.5,-172.5,NaN,NaN
-77.5,192.5,-167.5,NaN,NaN
-77.5,197.5,-162.5,NaN,NaN
-77.5,202.5,-157.5,NaN,NaN
-77.5,207.5,-152.5,NaN,NaN
-77.5,212.5,-147.5,NaN,NaN
-77.5,217.5,-142.5,NaN,NaN
-77.5,222.5,-137.5,NaN,NaN
-77.5,227.5,-132.5,NaN,NaN
-77.5,232.5,-127.5,NaN,NaN
-77.5,237.5,-122.5,NaN,NaN
-77.5,242.5,-117.5,NaN,NaN
-77.5,247.5,-112.5,NaN,NaN
-77.5,252.5,-107.5,NaN,NaN
-77.5,257.5,-102.5,NaN,NaN
-77.5,262.5,-97.5,NaN,NaN
-77.5,267.5,-92.5,NaN,NaN
-77.5,272.5,-87.5,NaN,NaN
-77.5,277.5,-82.5,NaN,NaN
-77.5,282.5,-77.5,NaN,NaN
-77.5,287.5,-72.5,NaN,NaN
-77.5,292.5,-67.5,NaN,NaN
-77.5,297.5,-62.5,NaN,NaN
-77.5,302.5,-57.5,NaN,NaN
-77.5,307.5,-52.5,NaN,NaN
-77.5,312.5,-47.5,NaN,NaN
-77.5,317.5,-42.5,NaN,NaN
-77.5,322.5,-37.5,NaN,NaN
-77.5,327.5,-32.5,NaN,NaN
-77.5,332.5,-27.5,NaN,NaN
-77.5,337.5,-22.5,NaN,NaN
-77.5,342.5,-17.5,NaN,NaN
-77.5,347.5,-12.5,NaN,NaN
-77.5,352.5,-7.5,NaN,NaN
-77.5,357.5,-2.5,NaN,NaN
-72.5,2.5,2.5,NaN,NaN
-72.5,7.5,7.5,NaN,NaN
-72.5,12.5,12.5,NaN,NaN
-72.5,17.5,17.5,NaN,NaN
-72.5,22.5,22.5,NaN,NaN
-72.5,27.5,27.5,NaN,NaN
-72.5,32.5,32.5,NaN,NaN
-72.5,37.5,37.5,NaN,NaN
-72.5,42.5,42.5,NaN,NaN
-72.5,47.5,47.5,NaN,NaN
-72.5,52.5,52.5,NaN,NaN
-72.5,57.5,57.5,NaN,NaN
-72.5,62.5,62.5,NaN,NaN
-72.5,67.5,67.5,NaN,NaN
-72.5,72.5,72.5,NaN,NaN
-72.5,77.5,77.5,NaN,NaN
-72.5,82.5,82.5,NaN,NaN
-72.5,87.5,87.5,NaN,NaN
-72.5,92.5,92.5,NaN,NaN
-72.5,97.5,97.5,NaN,NaN
-72.5,102.5,102.5,NaN,NaN
-72.5,107.5,107.5,NaN,NaN
-72.5,112.5,112.5,NaN,NaN
-72.5,117.5,117.5,NaN,NaN
-72.5,122.5,122.5,NaN,NaN
-72.5,127.5,127.5,NaN,NaN
-72.5,132.5,132.5,NaN,NaN
-72.5,137.5,137.5,NaN,NaN
-72.5,142.5,142.5,NaN,NaN
-72.5,147.5,147.5,NaN,NaN
-72.5,152.5,152.5,NaN,NaN
-72.5,157.5,157.5,NaN,NaN
-72.5,162.5,162.5,NaN,NaN
-72.5,167.5,167.5,NaN,NaN
-72.5,172.5,172.5,NaN,NaN
-72.5,177.5,177.5,NaN,NaN
-72.5,182.5,-177.5,NaN,NaN
-72.5,187.5,-172.5,NaN,NaN
-72.5,192.5,-167.5,NaN,NaN
-72.5,197.5,-162.5,NaN,NaN
-72.5,202.5,-157.5,NaN,NaN
-72.5,207.5,-152.5,NaN,NaN
-72.5,212.5,-147.5,NaN,NaN
-72.5,217.5,-142.5,NaN,NaN
-72.5,222.5,-137.5,NaN,NaN
-72.5,227.5,-132.5,NaN,NaN
-72.5,232.5,-127.5,NaN,NaN
-72.5,237.5,-122.5,NaN,NaN
-72.5,242.5,-117.5,NaN,NaN
-72.5,247.5,-112.5,NaN,NaN
-72.5,252.5,-107.5,NaN,NaN
-72.5,257.5,-102.5,NaN,NaN
-72.5,262.5,-97.5,NaN,NaN
-72.5,267.5,-92.5,NaN,NaN
-72.5,272.5,-87.5,NaN,NaN
-72.5,277.5,-82.5,NaN,NaN
-72.5,282.5,-77.5,NaN,NaN
-72.5,287.5,-72.5,NaN,NaN
-72.5,292.5,-67.5,NaN,NaN
-72.5,297.5,-62.5,NaN,NaN
-72.5,302.5,-57.5,NaN,NaN
-72.5,307.5,-52.5,NaN,NaN
-72.5,312.5,-47.5,NaN,NaN
-72.5,317.5,-42.5,NaN,NaN
-72.5,322.5,-37.5,NaN,NaN
-72.5,327.5,-32.5,NaN,NaN
-72.5,332.5,-27.5,NaN,NaN
-72.5,337.5,-22.5,NaN,NaN
-72.5,342.5,-17.5,NaN,NaN
-72.5,347.5,-12.5,NaN,NaN
-72.5,352.5,-7.5,NaN,NaN
-72.5,357.5,-2.5,NaN,NaN
-67.5,2.5,2.5,NaN,NaN
-67.5,7.5,7.5,NaN,NaN
-67.5,12.5,12.5,NaN,NaN
-67.5,17.5,17.5,NaN,NaN
-67.5,22.5,22.5,NaN,NaN
-67.5,27.5,27.5,NaN,NaN
-67.5,32.5,32.5,NaN,NaN
-67.5,37.5,37.5,NaN,NaN
-67.5,42.5,42.5,NaN,NaN
-67.5,47.5,47.5,NaN,NaN
-67.5,52.5,52.5,NaN,NaN
-67.5,57.5,57.5,NaN,NaN
-67.5,62.5,62.5,NaN,NaN
-67.5,67.5,67.5,NaN,NaN
-67.5,72.5,72.5,NaN,NaN
-67.5,77.5,77.5,NaN,NaN
-67.5,82.5,82.5,NaN,NaN
-67.5,87.5,87.5,NaN,NaN
-67.5,92.5,92.5,NaN,NaN
-67.5,97.5,97.5,NaN,NaN
-67.5,102.5,102.5,NaN,NaN
-67.5,107.5,107.5,NaN,NaN
-67.5,112.5,112.5,NaN,NaN
-67.5,117.5,117.5,NaN,NaN
-67.5,122.5,122.5,NaN,NaN
-67.5,127.5,127.5,NaN,NaN
-67.5,132.5,132.5,NaN,NaN
-67.5,137.5,137.5,NaN,NaN
-67.5,142.5,142.5,NaN,NaN
-67.5,147.5,147.5,NaN,NaN
-67.5,152.5,152.5,NaN,NaN
-67.5,157.5,157.5,NaN,NaN
-67.5,162.5,162.5,NaN,NaN
-67.5,167.5,167.5,NaN,NaN
-67.5,172.5,172.5,NaN,NaN
-67.5,177.5,177.5,NaN,NaN
-67.5,182.5,-177.5,NaN,NaN
-67.5,187.5,-172.5,NaN,NaN
-67.5,192.5,-167.5,NaN,NaN
-67.5,197.5,-162.5,NaN,NaN
-67.5,202.5,-157.5,NaN,NaN
-67.5,207.5,-152.5,NaN,NaN
-67.5,212.5,-147.5,NaN,NaN
-67.5,217.5,-142.5,NaN,NaN
-67.5,222.5,-137.5,NaN,NaN
-67.5,227.5,-132.5,NaN,NaN
-67.5,232.5,-127.5,NaN,NaN
-67.5,237.5,-122.5,NaN,NaN
-67.5,242.5,-117.5,NaN,NaN
-67.5,247.5,-112.5,NaN,NaN
-67.5,252.5,-107.5,NaN,NaN
-67.5,257.5,-102.5,NaN,NaN
-67.5,262.5,-97.5,NaN,NaN
-67.5,267.5,-92.5,NaN,NaN
-67.5,272.5,-87.5,NaN,NaN
-67.5,277.5,-82.5,NaN,NaN
-67.5,282.5,-77.5,NaN,NaN
-67.5,287.5,-72.5,NaN,NaN
-67.5,292.5,-67.5,NaN,NaN
-67.5,297.5,-62.5,NaN,NaN
-67.5,302.5,-57.5,NaN,NaN
-67.5,307.5,-52.5,NaN,NaN
-67.5,312.5,-47.5,NaN,NaN
-67.5,317.5,-42.5,NaN,NaN
-67.5,322.5,-37.5,NaN,NaN
-67.5,327.5,-32.5,NaN,NaN
-67.5,332.5,-27.5,NaN,NaN
-67.5,337.5,-22.5,NaN,NaN
-67.5,342.5,-17.5,NaN,NaN
-67.5,347.5,-12.5,NaN,NaN
-67.5,352.5,-7.5,NaN,NaN
-67.5,357.5,-2.5,NaN,NaN
-62.5,2.5,2.5,NaN,NaN
-62.5,7.5,7.5,NaN,NaN
-62.5,12.5,12.5,NaN,NaN
-62.5,17.5,17.5,NaN,NaN
-62.5,22.5,22.5,NaN,NaN
-62.5,27.5,27.5,NaN,NaN
-62.5,32.5,32.5,NaN,NaN
-62.5,37.5,37.5,NaN,NaN
-62.5,42.5,42.5,NaN,NaN
-62.5,47.5,47.5,NaN,NaN
-62.5,52.5,52.5,NaN,NaN
-62.5,57.5,57.5,NaN,NaN
-62.5,62.5,62.5,NaN,NaN
-62.5,67.5,67.5,NaN,NaN
-62.5,72.5,72.5,NaN,NaN
-62.5,77.5,77.5,NaN,NaN
-62.5,82.5,82.5,NaN,NaN
-62.5,87.5,87.5,NaN,NaN
-62.5,92.5,92.5,NaN,NaN
-62.5,97.5,97.5,NaN,NaN
-62.5,102.5,102.5,NaN,NaN
-62.5,107.5,107.5,NaN,NaN
-62.5,112.5,112.5,NaN,NaN
-62.5,117.5,117.5,NaN,NaN
-62.5,122.5,122.5,NaN,NaN
-62.5,127.5,127.5,NaN,NaN
-62.5,132.5,132.5,NaN,NaN
-62.5,137.5,137.5,NaN,NaN
-62.5,142.5,142.5,NaN,NaN
-62.5,147.5,147.5,NaN,NaN
-62.5,152.5,152.5,NaN,NaN
-62.5,157.5,157.5,NaN,NaN
-62.5,162.5,162.5,NaN,NaN
-62.5,167.5,167.5,NaN,NaN
-62.5,172.5,172.5,NaN,NaN
-62.5,177.5,177.5,NaN,NaN
-62.5,182.5,-177.5,NaN,NaN
-62.5,187.5,-172.5,NaN,NaN
-62.5,192.5,-167.5,NaN,NaN
-62.5,197.5,-162.5,NaN,NaN
-62.5,202.5,-157.5,NaN,NaN
-62.5,207.5,-152.5,NaN,NaN
-62.5,212.5,-147.5,NaN,NaN
-62.5,217.5,-142.5,NaN,NaN
-62.5,222.5,-137.5,NaN,NaN
-62.5,227.5,-132.5,NaN,NaN
-62.5,232.5,-127.5,NaN,NaN
-62.5,237.5,-122.5,NaN,NaN
-62.5,242.5,-117.5,NaN,NaN
-62.5,247.5,-112.5,NaN,NaN
-62.5,252.5,-107.5,NaN,NaN
-62.5,257.5,-102.5,NaN,NaN
-62.5,262.5,-97.5,NaN,NaN
-62.5,267.5,-92.5,NaN,NaN
-62.5,272.5,-87.5,NaN,NaN
-62.5,277.5,-82.5,NaN,NaN
-62.5,282.5,-77.5,NaN,NaN
-62.5,287.5,-72.5,NaN,NaN
-62.5,292.5,-67.5,NaN,NaN
-62.5,297.5,-62.5,NaN,NaN
-62.5,302.5,-57.5,NaN,NaN
-62.5,307.5,-52.5,NaN,NaN
-62.5,312.5,-47.5,NaN,NaN
-62.5,317.5,-42.5,NaN,NaN
-62.5,322.5,-37.5,NaN,NaN
-62.5,327.5,-32.5,NaN,NaN
-62.5,332.5,-27.5,NaN,NaN
-62.5,337.5,-22.5,NaN,NaN
-62.5,342.5,-17.5,NaN,NaN
-62.5,347.5,-12.5,NaN,NaN
-62.5,352.5,-7.5,NaN,NaN
-62.5,357.5,-2.5,NaN,NaN
-57.5,2.5,2.5,NaN,NaN
-57.5,7.5,7.5,NaN,NaN
-57.5,12.5,12.5,NaN,NaN
-57.5,17.5,17.5,NaN,NaN
-57.5,22.5,22.5,NaN,NaN
-57.5,27.5,27.5,NaN,NaN
-57.5,32.5,32.5,NaN,NaN
-57.5,37.5,37.5,NaN,NaN
-57.5,42.5,42.5,NaN,NaN
-57.5,47.5,47.5,NaN,NaN
-57.5,52.5,52.5,NaN,NaN
-57.5,57.5,57.5,NaN,NaN
-57.5,62.5,62.5,NaN,NaN
-57.5,67.5,67.5,NaN,NaN
-57.5,72.5,72.5,NaN,NaN
-57.5,77.5,77.5,NaN,NaN
-57.5,82.5,82.5,NaN,NaN
-57.5,87.5,87.5,NaN,NaN
-57.5,92.5,92.5,NaN,NaN
-57.5,97.5,97.5,NaN,NaN
-57.5,102.5,102.5,NaN,NaN
-57.5,107.5,107.5,NaN,NaN
-57.5,112.5,112.5,NaN,NaN
-57.5,117.5,117.5,NaN,NaN
-57.5,122.5,122.5,NaN,NaN
-57.5,127.5,127.5,NaN,NaN
-57.5,132.5,132.5,NaN,NaN
-57.5,137.5,137.5,NaN,NaN
-57.5,142.5,142.5,NaN,NaN
-57.5,147.5,147.5,NaN,NaN
-57.5,152.5,152.5,NaN,NaN
-57.5,157.5,157.5,NaN,NaN
-57.5,162.5,162.5,NaN,NaN
-57.5,167.5,167.5,NaN,NaN
-57.5,172.5,172.5,NaN,NaN
-57.5,177.5,177.5,NaN,NaN
-57.5,182.5,-177.5,NaN,NaN
-57.5,187.5,-172.5,NaN,NaN
-57.5,192.5,-167.5,NaN,NaN
-57.5,197.5,-162.5,NaN,NaN
-57.5,202.5,-157.5,NaN,NaN
-57.5,207.5,-152.5,NaN,NaN
-57.5,212.5,-147.5,NaN,NaN
-57.5,217.5,-142.5,NaN,NaN
-57.5,222.5,-137.5,NaN,NaN
-57.5,227.5,-132.5,NaN,NaN
-57.5,232.5,-127.5,NaN,NaN
-57.5,237.5,-122.5,NaN,NaN
-57.5,242.5,-117.5,NaN,NaN
-57.5,247.5,-112.5,NaN,NaN
-57.5,252.5,-107.5,NaN,NaN
-57.5,257.5,-102.5,NaN,NaN
-57.5,262.5,-97.5,NaN,NaN
-57.5,267.5,-92.5,NaN,NaN
-57.5,272.5,-87.5,NaN,NaN
-57.5,277.5,-82.5,NaN,NaN
-57.5,282.5,-77.5,NaN,NaN
-57.5,287.5,-72.5,NaN,NaN
-57.5,292.5,-67.5,NaN,NaN
-57.5,297.5,-62.5,NaN,NaN
-57.5,302.5,-57.5,NaN,NaN
-57.5,307.5,-52.5,NaN,NaN
-57.5,312.5,-47.5,NaN,NaN
-57.5,317.5,-42.5,NaN,NaN
-57.5,322.5,-37.5,NaN,NaN
-57.5,327.5,-32.5,NaN,NaN
-57.5,332.5,-27.5,NaN,NaN
-57.5,337.5,-22.5,NaN,NaN
-57.5,342.5,-17.5,NaN,NaN
-57.5,347.5,-12.5,NaN,NaN
-57.5,352.5,-7.5,NaN,NaN
-57.5,357.5,-2.5,NaN,NaN
-52.5,2.5,2.5,2.823714733,0.482133687
-52.5,7.5,7.5,2.87638092,0.477566302
-52.5,12.5,12.5,2.872947216,0.465789944
-52.5,17.5,17.5,3.028755188,0.470950454
-52.5,22.5,22.5,3.126771688,0.486600459
-52.5,27.5,27.5,3.218511343,0.5027619
-52.5,32.5,32.5,3.356519222,0.521792471
-52.5,37.5,37.5,NaN,NaN
-52.5,42.5,42.5,NaN,NaN
-52.5,47.5,47.5,NaN,NaN
-52.5,52.5,52.5,NaN,NaN
-52.5,57.5,57.5,NaN,NaN
-52.5,62.5,62.5,NaN,NaN
-52.5,67.5,67.5,NaN,NaN
-52.5,72.5,72.5,NaN,NaN
-52.5,77.5,77.5,NaN,NaN
-52.5,82.5,82.5,NaN,NaN
-52.5,87.5,87.5,NaN,NaN
-52.5,92.5,92.5,NaN,NaN
-52.5,97.5,97.5,NaN,NaN
-52.5,102.5,102.5,NaN,NaN
-52.5,107.5,107.5,NaN,NaN
-52.5,112.5,112.5,NaN,NaN
-52.5,117.5,117.5,NaN,NaN
-52.5,122.5,122.5,NaN,NaN
-52.5,127.5,127.5,NaN,NaN
-52.5,132.5,132.5,NaN,NaN
-52.5,137.5,137.5,NaN,NaN
-52.5,142.5,142.5,NaN,NaN
-52.5,147.5,147.5,NaN,NaN
-52.5,152.5,152.5,NaN,NaN
-52.5,157.5,157.5,NaN,NaN
-52.5,162.5,162.5,NaN,NaN
-52.5,167.5,167.5,NaN,NaN
-52.5,172.5,172.5,NaN,NaN
-52.5,177.5,177.5,3.254058361,0.567825437
-52.5,182.5,-177.5,3.389283657,0.576672435
-52.5,187.5,-172.5,3.336001635,0.578897178
-52.5,192.5,-167.5,3.484588385,0.576588213
-52.5,197.5,-162.5,3.890158176,0.573190212
-52.5,202.5,-157.5,4.03531599,0.558114409
-52.5,207.5,-152.5,4.065345287,0.545819998
-52.5,212.5,-147.5,4.295693398,0.547587395
-52.5,217.5,-142.5,4.303627014,0.545591593
-52.5,222.5,-137.5,3.921628952,0.532815516
-52.5,227.5,-132.5,3.421873569,0.517320454
-52.5,232.5,-127.5,3.279741764,0.51283586
-52.5,237.5,-122.5,3.250715017,0.517357945
-52.5,242.5,-117.5,3.127972841,0.511919379
-52.5,247.5,-112.5,2.859791756,0.501029313
-52.5,252.5,-107.5,2.764383793,0.490190804
-52.5,257.5,-102.5,2.865314484,0.49646771
-52.5,262.5,-97.5,3.078456163,0.503527641
-52.5,267.5,-92.5,3.090837717,0.491776288
-52.5,272.5,-87.5,3.133398056,0.489210933
-52.5,277.5,-82.5,3.422889471,0.491792887
-52.5,282.5,-77.5,3.545171499,0.499931782
-52.5,287.5,-72.5,3.547002316,0.497536778
-52.5,292.5,-67.5,3.375600338,0.498584718
-52.5,297.5,-62.5,3.064044237,0.493688315
-52.5,302.5,-57.5,2.95202136,0.492004961
-52.5,307.5,-52.5,2.726322651,0.494615823
-52.5,312.5,-47.5,2.48492837,0.498388886
-52.5,317.5,-42.5,2.776846409,0.514756382
-52.5,322.5,-37.5,3.068022251,0.526832581
-52.5,327.5,-32.5,3.571297884,0.545497894
-52.5,332.5,-27.5,3.704116106,0.539934874
-52.5,337.5,-22.5,3.608940601,0.515316129
-52.5,342.5,-17.5,3.417969465,0.496059895
-52.5,347.5,-12.5,3.078364372,0.478472263
-52.5,352.5,-7.5,2.695807219,0.466065764
-52.5,357.5,-2.5,2.687505484,0.471444398
-47.5,2.5,2.5,2.782194853,0.388336986
-47.5,7.5,7.5,2.853447199,0.385887772
-47.5,12.5,12.5,2.80444622,0.375618726
-47.5,17.5,17.5,2.932888746,0.377894908
-47.5,22.5,22.5,2.998589516,0.384709477
-47.5,27.5,27.5,3.030370474,0.402899891
-47.5,32.5,32.5,3.241299868,0.435198992
-47.5,37.5,37.5,3.45792532,0.480248958
-47.5,42.5,42.5,3.699916124,0.548746049
-47.5,47.5,47.5,3.771467686,0.620864332
-47.5,52.5,52.5,4.146078587,0.699568212
-47.5,57.5,57.5,4.666052818,0.787408948
-47.5,62.5,62.5,4.785322189,0.857247651
-47.5,67.5,67.5,4.899948597,0.914135575
-47.5,72.5,72.5,NaN,NaN
-47.5,77.5,77.5,NaN,NaN
-47.5,82.5,82.5,NaN,NaN
-47.5,87.5,87.5,NaN,NaN
-47.5,92.5,92.5,NaN,NaN
-47.5,97.5,97.5,NaN,NaN
-47.5,102.5,102.5,NaN,NaN
-47.5,107.5,107.5,NaN,NaN
-47.5,112.5,112.5,NaN,NaN
-47.5,117.5,117.5,NaN,NaN
-47.5,122.5,122.5,NaN,NaN
-47.5,127.5,127.5,NaN,NaN
-47.5,132.5,132.5,NaN,NaN
-47.5,137.5,137.5,NaN,NaN
-47.5,142.5,142.5,4.443002224,0.529803336
-47.5,147.5,147.5,4.194054127,0.51967454
-47.5,152.5,152.5,3.846642971,0.512092948
-47.5,157.5,157.5,3.745771408,0.506607354
-47.5,162.5,162.5,3.515946627,0.49677223
-47.5,167.5,167.5,3.104445934,0.479769558
-47.5,172.5,172.5,2.896249533,0.464482784
-47.5,177.5,177.5,2.945473671,0.465771079
-47.5,182.5,-177.5,2.923023224,0.465421498
-47.5,187.5,-172.5,2.8668859,0.462495893
-47.5,192.5,-167.5,3.104268789,0.463695854
-47.5,197.5,-162.5,3.50428319,0.463630795
-47.5,202.5,-157.5,3.56367445,0.450296372
-47.5,207.5,-152.5,3.483548641,0.436292082
-47.5,212.5,-147.5,3.672957182,0.437289566
-47.5,217.5,-142.5,3.748176098,0.434732884
-47.5,222.5,-137.5,3.44438386,0.421901613
-47.5,227.5,-132.5,3.115622044,0.412299693
-47.5,232.5,-127.5,2.903981686,0.406631142
-47.5,237.5,-122.5,2.756408215,0.402723968
-47.5,242.5,-117.5,2.552240372,0.393562913
-47.5,247.5,-112.5,2.369269371,0.386481255
-47.5,252.5,-107.5,2.465046883,0.384205461
-47.5,257.5,-102.5,2.657029152,0.386054844
-47.5,262.5,-97.5,2.75589323,0.385588855
-47.5,267.5,-92.5,2.833437681,0.383895904
-47.5,272.5,-87.5,2.883293629,0.384238333
-47.5,277.5,-82.5,3.058233976,0.393972069
-47.5,282.5,-77.5,3.281061888,0.403646916
-47.5,287.5,-72.5,3.124436378,0.40034309
-47.5,292.5,-67.5,2.835506439,0.397370785
-47.5,297.5,-62.5,2.628061295,0.400771707
-47.5,302.5,-57.5,2.460759878,0.404028893
-47.5,307.5,-52.5,2.197321892,0.406608701
-47.5,312.5,-47.5,2.097900629,0.415274739
-47.5,317.5,-42.5,2.302201986,0.426627874
-47.5,322.5,-37.5,2.612433672,0.43475157
-47.5,327.5,-32.5,3.037542105,0.443684459
-47.5,332.5,-27.5,3.218280792,0.434721321
-47.5,337.5,-22.5,3.281315088,0.419780195
-47.5,342.5,-17.5,3.110335588,0.40141362
-47.5,347.5,-12.5,2.866062164,0.386868656
-47.5,352.5,-7.5,2.65634203,0.376088023
-47.5,357.5,-2.5,2.591759443,0.378029257
-42.5,2.5,2.5,2.980759621,0.351842403
-42.5,7.5,7.5,3.113128185,0.357592821
-42.5,12.5,12.5,3.209696293,0.351739407
-42.5,17.5,17.5,3.118234158,0.34207058
-42.5,22.5,22.5,3.090087414,0.345413655
-42.5,27.5,27.5,3.082192659,0.361686796
-42.5,32.5,32.5,3.149479151,0.380615532
-42.5,37.5,37.5,3.201315165,0.408196479
-42.5,42.5,42.5,3.351191044,0.458167642
-42.5,47.5,47.5,3.580042601,0.526169479
-42.5,52.5,52.5,3.949818134,0.593921542
-42.5,57.5,57.5,4.224625587,0.664859056
-42.5,62.5,62.5,4.272172928,0.718520343
-42.5,67.5,67.5,4.429105282,0.766396105
-42.5,72.5,72.5,4.234995365,0.777622461
-42.5,77.5,77.5,3.777283669,0.744692922
-42.5,82.5,82.5,3.379131794,0.694480062
-42.5,87.5,87.5,3.155223608,0.628283679
-42.5,92.5,92.5,2.979959965,0.558401465
-42.5,97.5,97.5,3.260229588,0.516830206
-42.5,102.5,102.5,3.609115601,0.492153853
-42.5,107.5,107.5,3.908368826,0.476166546
-42.5,112.5,112.5,4.39167881,0.480075717
-42.5,117.5,117.5,4.509894371,0.482028037
-42.5,122.5,122.5,4.214380741,0.456608832
-42.5,127.5,127.5,4.220497131,0.455974132
-42.5,132.5,132.5,4.349174976,0.463252753
-42.5,137.5,137.5,4.233653545,0.455212772
-42.5,142.5,142.5,4.217158794,0.453319401
-42.5,147.5,147.5,3.962103844,0.439380735
-42.5,152.5,152.5,3.604477167,0.424973607
-42.5,157.5,157.5,3.338769913,0.418209672
-42.5,162.5,162.5,3.293516397,0.422759801
-42.5,167.5,167.5,3.046522856,0.415889323
-42.5,172.5,172.5,2.745330095,0.398471475
-42.5,177.5,177.5,2.730044365,0.396001697
-42.5,182.5,-177.5,2.66287756,0.392821848
-42.5,187.5,-172.5,2.570035934,0.387510031
-42.5,192.5,-167.5,2.7966609,0.387749702
-42.5,197.5,-162.5,3.217566013,0.393919498
-42.5,202.5,-157.5,3.319361448,0.385916591
-42.5,207.5,-152.5,3.049606085,0.36479938
-42.5,212.5,-147.5,3.129037619,0.361004353
-42.5,217.5,-142.5,3.113924265,0.357193977
-42.5,222.5,-137.5,2.866311312,0.352477521
-42.5,227.5,-132.5,2.745101929,0.352358967
-42.5,232.5,-127.5,2.642923117,0.351803035
-42.5,237.5,-122.5,2.403553009,0.344719052
-42.5,242.5,-117.5,2.248084784,0.335659325
-42.5,247.5,-112.5,2.272219419,0.33410278
-42.5,252.5,-107.5,2.386419058,0.334973663
-42.5,257.5,-102.5,2.525029182,0.33962214
-42.5,262.5,-97.5,2.583227158,0.339094698
-42.5,267.5,-92.5,2.515330076,0.331175536
-42.5,272.5,-87.5,2.654508352,0.331590205
-42.5,277.5,-82.5,2.804526567,0.338433206
-42.5,282.5,-77.5,2.8665061,0.342926502
-42.5,287.5,-72.5,2.610430956,0.338345051
-42.5,292.5,-67.5,2.386590958,0.337673128
-42.5,297.5,-62.5,2.135434151,0.341679871
-42.5,302.5,-57.5,1.839930773,0.346599519
-42.5,307.5,-52.5,1.73312223,0.355470359
-42.5,312.5,-47.5,1.752970219,0.367375761
-42.5,317.5,-42.5,1.966038585,0.376948327
-42.5,322.5,-37.5,2.129787683,0.380496919
-42.5,327.5,-32.5,2.55530262,0.386734694
-42.5,332.5,-27.5,2.831220627,0.382220179
-42.5,337.5,-22.5,2.954872608,0.370811313
-42.5,342.5,-17.5,2.897069931,0.357344121
-42.5,347.5,-12.5,2.924951077,0.349235684
-42.5,352.5,-7.5,2.898615837,0.343322605
-42.5,357.5,-2.5,2.921015978,0.346687943
-37.5,2.5,2.5,3.756957054,0.357974112
-37.5,7.5,7.5,3.978589058,0.368816853
-37.5,12.5,12.5,4.025476456,0.365319759
-37.5,17.5,17.5,3.842983961,0.350476354
-37.5,22.5,22.5,3.596374989,0.34679693
-37.5,27.5,27.5,3.380241156,0.355929106
-37.5,32.5,32.5,3.276154995,0.36635837
-37.5,37.5,37.5,3.052026033,0.379291534
-37.5,42.5,42.5,3.051693201,0.42036441
-37.5,47.5,47.5,3.244443655,0.479444683
-37.5,52.5,52.5,3.590952873,0.540342629
-37.5,57.5,57.5,3.669363976,0.594216406
-37.5,62.5,62.5,3.762812376,0.639639437
-37.5,67.5,67.5,3.851654768,0.660964072
-37.5,72.5,72.5,3.697448969,0.652115643
-37.5,77.5,77.5,3.190140247,0.600966871
-37.5,82.5,82.5,2.914875746,0.551666379
-37.5,87.5,87.5,2.896084547,0.508464336
-37.5,92.5,92.5,3.015505791,0.467306674
-37.5,97.5,97.5,3.208431244,0.430508882
-37.5,102.5,102.5,3.44990468,0.411800206
-37.5,107.5,107.5,3.651499033,0.399066627
-37.5,112.5,112.5,3.988381863,0.402630985
-37.5,117.5,117.5,4.082233429,0.400868505
-37.5,122.5,122.5,3.959812403,0.392033994
-37.5,127.5,127.5,3.891969442,0.388932139
-37.5,132.5,132.5,3.971782207,0.394027442
-37.5,137.5,137.5,3.883951426,0.395744532
-37.5,142.5,142.5,3.835165262,0.397827148
-37.5,147.5,147.5,3.611596823,0.39652884
-37.5,152.5,152.5,3.380136013,0.394851387
-37.5,157.5,157.5,3.312098503,0.401120871
-37.5,162.5,162.5,3.459547758,0.415105432
-37.5,167.5,167.5,3.333185911,0.413885742
-37.5,172.5,172.5,3.225471735,0.40293768
-37.5,177.5,177.5,3.0652318,0.393830091
-37.5,182.5,-177.5,3.092189074,0.387872398
-37.5,187.5,-172.5,2.990864754,0.382374406
-37.5,192.5,-167.5,2.891609669,0.375392556
-37.5,197.5,-162.5,3.074195623,0.374457002
-37.5,202.5,-157.5,3.208132744,0.367537081
-37.5,207.5,-152.5,3.128494978,0.351678312
-37.5,212.5,-147.5,3.048182249,0.342665941
-37.5,217.5,-142.5,2.997263908,0.336139113
-37.5,222.5,-137.5,2.877549887,0.335682809
-37.5,227.5,-132.5,2.92432332,0.341151804
-37.5,232.5,-127.5,2.876411438,0.340465516
-37.5,237.5,-122.5,2.628085375,0.328884661
-37.5,242.5,-117.5,2.51194644,0.318714231
-37.5,247.5,-112.5,2.494069815,0.315945119
-37.5,252.5,-107.5,2.469561338,0.320940256
-37.5,257.5,-102.5,2.434526443,0.325835615
-37.5,262.5,-97.5,2.396243572,0.324434966
-37.5,267.5,-92.5,2.475928783,0.321999818
-37.5,272.5,-87.5,2.607809305,0.320863038
-37.5,277.5,-82.5,2.718351364,0.320209056
-37.5,282.5,-77.5,2.776582956,0.325352699
-37.5,287.5,-72.5,2.53309679,0.322790623
-37.5,292.5,-67.5,2.222783327,0.320812583
-37.5,297.5,-62.5,1.95995295,0.328056455
-37.5,302.5,-57.5,1.618881226,0.335053355
-37.5,307.5,-52.5,1.515544891,0.344949126
-37.5,312.5,-47.5,1.642127991,0.360180587
-37.5,317.5,-42.5,1.772931457,0.37011081
-37.5,322.5,-37.5,1.978296041,0.376307249
-37.5,327.5,-32.5,2.295939922,0.378523886
-37.5,332.5,-27.5,2.740701675,0.380217016
-37.5,337.5,-22.5,3.039484262,0.373937517
-37.5,342.5,-17.5,3.210565329,0.361758262
-37.5,347.5,-12.5,3.398936749,0.354852289
-37.5,352.5,-7.5,3.551089764,0.353701651
-37.5,357.5,-2.5,3.578550339,0.352959365
-32.5,2.5,2.5,4.429802895,0.373733729
-32.5,7.5,7.5,4.547039509,0.378806978
-32.5,12.5,12.5,4.449453354,0.370900214
-32.5,17.5,17.5,4.384204865,0.360763252
-32.5,22.5,22.5,3.99335742,0.349123448
-32.5,27.5,27.5,3.596157789,0.349027812
-32.5,32.5,32.5,3.35985589,0.35525924
-32.5,37.5,37.5,3.123859644,0.365992337
-32.5,42.5,42.5,2.986014843,0.394701034
-32.5,47.5,47.5,3.163538218,0.44236964
-32.5,52.5,52.5,3.380155563,0.498135358
-32.5,57.5,57.5,3.41931963,0.550721705
-32.5,62.5,62.5,3.277599335,0.586262345
-32.5,67.5,67.5,3.024108887,0.588228643
-32.5,72.5,72.5,2.77508831,0.564175367
-32.5,77.5,77.5,2.759466171,0.530921698
-32.5,82.5,82.5,2.868181229,0.502440572
-32.5,87.5,87.5,3.020972967,0.470423847
-32.5,92.5,92.5,3.118910789,0.432943285
-32.5,97.5,97.5,3.123643637,0.401469588
-32.5,102.5,102.5,3.222253561,0.381801426
-32.5,107.5,107.5,3.446793556,0.373160571
-32.5,112.5,112.5,3.546846867,0.37048623
-32.5,117.5,117.5,3.585612059,0.365344465
-32.5,122.5,122.5,3.684011221,0.369259655
-32.5,127.5,127.5,3.647698879,0.373524636
-32.5,132.5,132.5,3.574101686,0.376867682
-32.5,137.5,137.5,3.455692768,0.383331835
-32.5,142.5,142.5,3.442877293,0.388487935
-32.5,147.5,147.5,3.44771719,0.391451985
-32.5,152.5,152.5,3.581576586,0.40073961
-32.5,157.5,157.5,3.687307835,0.413569719
-32.5,162.5,162.5,3.968233585,0.42786783
-32.5,167.5,167.5,4.182381153,0.43508026
-32.5,172.5,172.5,4.218519688,0.434983104
-32.5,177.5,177.5,4.0190382,0.421425849
-32.5,182.5,-177.5,3.848227024,0.405601352
-32.5,187.5,-172.5,3.747473717,0.39660573
-32.5,192.5,-167.5,3.560126066,0.389436275
-32.5,197.5,-162.5,3.472347498,0.37831822
-32.5,202.5,-157.5,3.439009666,0.361989528
-32.5,207.5,-152.5,3.342183828,0.349481344
-32.5,212.5,-147.5,3.313230753,0.342001736
-32.5,217.5,-142.5,3.453015089,0.341124803
-32.5,222.5,-137.5,3.471713543,0.34241575
-32.5,227.5,-132.5,3.519848824,0.342782557
-32.5,232.5,-127.5,3.395060301,0.33597213
-32.5,237.5,-122.5,3.113954544,0.325546652
-32.5,242.5,-117.5,2.977873325,0.316646188
-32.5,247.5,-112.5,2.888725042,0.312673897
-32.5,252.5,-107.5,2.819550991,0.315377802
-32.5,257.5,-102.5,2.720480204,0.32070148
-32.5,262.5,-97.5,2.535782337,0.323164433
-32.5,267.5,-92.5,2.467461824,0.321314245
-32.5,272.5,-87.5,2.514701366,0.321504265
-32.5,277.5,-82.5,2.740041256,0.323085159
-32.5,282.5,-77.5,2.735355854,0.325953543
-32.5,287.5,-72.5,2.606649399,0.324568778
-32.5,292.5,-67.5,2.335568428,0.324801058
-32.5,297.5,-62.5,2.073411703,0.33287093
-32.5,302.5,-57.5,1.84705019,0.341819018
-32.5,307.5,-52.5,1.770460129,0.35341838
-32.5,312.5,-47.5,1.866440773,0.372187465
-32.5,317.5,-42.5,2.02852869,0.382503539
-32.5,322.5,-37.5,2.319214106,0.389632225
-32.5,327.5,-32.5,2.699177742,0.398574561
-32.5,332.5,-27.5,3.116805077,0.400925756
-32.5,337.5,-22.5,3.375916243,0.393912673
-32.5,342.5,-17.5,3.741275311,0.38856253
-32.5,347.5,-12.5,4.054042816,0.384329081
-32.5,352.5,-7.5,4.165315628,0.3792952
-32.5,357.5,-2.5,4.263067245,0.376150161
-27.5,2.5,2.5,4.847572803,0.395890087
-27.5,7.5,7.5,4.959650517,0.396309376
-27.5,12.5,12.5,4.99853611,0.388250232
-27.5,17.5,17.5,4.909141064,0.376630574
-27.5,22.5,22.5,4.498663902,0.362249464
-27.5,27.5,27.5,3.892219067,0.348514706
-27.5,32.5,32.5,3.506045341,0.349917263
-27.5,37.5,37.5,3.241783142,0.355457842
-27.5,42.5,42.5,3.080709457,0.36664173
-27.5,47.5,47.5,3.116197109,0.400517374
-27.5,52.5,52.5,3.208385229,0.441806853
-27.5,57.5,57.5,3.223620176,0.482442349
-27.5,62.5,62.5,3.271487713,0.522448838
-27.5,67.5,67.5,2.948936224,0.520982146
-27.5,72.5,72.5,2.594811916,0.493822217
-27.5,77.5,77.5,2.807161331,0.482254624
-27.5,82.5,82.5,3.085491657,0.466516405
-27.5,87.5,87.5,3.252318859,0.440301478
-27.5,92.5,92.5,3.336410999,0.414922535
-27.5,97.5,97.5,3.226209402,0.393812954
-27.5,102.5,102.5,3.168980122,0.375489175
-27.5,107.5,107.5,3.311494827,0.36711061
-27.5,112.5,112.5,3.410391569,0.365740955
-27.5,117.5,117.5,3.624011517,0.367297173
-27.5,122.5,122.5,3.813603401,0.372424722
-27.5,127.5,127.5,3.829919338,0.380048871
-27.5,132.5,132.5,3.705940723,0.386002928
-27.5,137.5,137.5,3.697938919,0.395004183
-27.5,142.5,142.5,3.620511293,0.399994195
-27.5,147.5,147.5,3.835189342,0.404779792
-27.5,152.5,152.5,4.080836296,0.417082369
-27.5,157.5,157.5,4.201457024,0.423468709
-27.5,162.5,162.5,4.538653374,0.442661852
-27.5,167.5,167.5,5.08829546,0.46915859
-27.5,172.5,172.5,5.19569397,0.468733788
-27.5,177.5,177.5,4.816159248,0.443182617
-27.5,182.5,-177.5,4.518853664,0.421812803
-27.5,187.5,-172.5,4.275425434,0.40419665
-27.5,192.5,-167.5,4.107378006,0.396114945
-27.5,197.5,-162.5,3.951677084,0.38020426
-27.5,202.5,-157.5,3.771159172,0.360565513
-27.5,207.5,-152.5,3.702225924,0.35082671
-27.5,212.5,-147.5,3.799261332,0.348311633
-27.5,217.5,-142.5,3.886556387,0.343909591
-27.5,222.5,-137.5,3.979709387,0.347313344
-27.5,227.5,-132.5,3.962140083,0.346578449
-27.5,232.5,-127.5,3.737535715,0.335007101
-27.5,237.5,-122.5,3.526141644,0.325028837
-27.5,242.5,-117.5,3.373122931,0.315781593
-27.5,247.5,-112.5,3.226883173,0.312574118
-27.5,252.5,-107.5,3.08049345,0.311631411
-27.5,257.5,-102.5,2.856916666,0.313213974
-27.5,262.5,-97.5,2.610737324,0.320272624
-27.5,267.5,-92.5,2.423624754,0.323018551
-27.5,272.5,-87.5,2.520346165,0.328261852
-27.5,277.5,-82.5,2.672362566,0.331893176
-27.5,282.5,-77.5,2.812103033,0.339236259
-27.5,287.5,-72.5,2.690710306,0.338028997
-27.5,292.5,-67.5,2.501424313,0.33734861
-27.5,297.5,-62.5,2.30965662,0.347757548
-27.5,302.5,-57.5,2.194446325,0.358071595
-27.5,307.5,-52.5,2.141993046,0.373900831
-27.5,312.5,-47.5,2.188756466,0.391098082
-27.5,317.5,-42.5,2.410830498,0.400557339
-27.5,322.5,-37.5,2.660712242,0.404121816
-27.5,327.5,-32.5,3.172346354,0.418948948
-27.5,332.5,-27.5,3.415074825,0.42452395
-27.5,337.5,-22.5,3.696737051,0.427335739
-27.5,342.5,-17.5,4.003513336,0.421019584
-27.5,347.5,-12.5,4.38467741,0.41406846
-27.5,352.5,-7.5,4.525780678,0.405748188
-27.5,357.5,-2.5,4.677655697,0.401536882
-22.5,2.5,2.5,5.154322624,0.4284724
-22.5,7.5,7.5,5.557851791,0.427501559
-22.5,12.5,12.5,5.583220959,0.415083617
-22.5,17.5,17.5,5.195544243,0.3918944
-22.5,22.5,22.5,4.702297211,0.370644093
-22.5,27.5,27.5,4.286404133,0.357826501
-22.5,32.5,32.5,3.772833347,0.353129238
-22.5,37.5,37.5,3.565268517,0.352571905
-22.5,42.5,42.5,3.399341822,0.356116891
-22.5,47.5,47.5,3.203703403,0.369896948
-22.5,52.5,52.5,3.322538853,0.399260461
-22.5,57.5,57.5,3.266244173,0.423108906
-22.5,62.5,62.5,3.276268482,0.44802466
-22.5,67.5,67.5,3.226949453,0.453382671
-22.5,72.5,72.5,3.136487007,0.445628792
-22.5,77.5,77.5,3.323438168,0.44452244
-22.5,82.5,82.5,3.488224268,0.435517877
-22.5,87.5,87.5,3.39082551,0.411405325
-22.5,92.5,92.5,3.428064585,0.397443116
-22.5,97.5,97.5,3.324191332,0.386337399
-22.5,102.5,102.5,3.189638138,0.371458501
-22.5,107.5,107.5,3.266130209,0.364137411
-22.5,112.5,112.5,3.629879475,0.370854318
-22.5,117.5,117.5,3.932173491,0.376471996
-22.5,122.5,122.5,4.028410435,0.380756825
-22.5,127.5,127.5,3.93345499,0.384079784
-22.5,132.5,132.5,3.895658493,0.39140287
-22.5,137.5,137.5,4.042003155,0.406716406
-22.5,142.5,142.5,4.008018017,0.413387388
-22.5,147.5,147.5,4.131056786,0.417750686
-22.5,152.5,152.5,4.488156796,0.435046494
-22.5,157.5,157.5,4.699242592,0.447100669
-22.5,162.5,162.5,5.154181957,0.476424873
-22.5,167.5,167.5,5.722592354,0.507809997
-22.5,172.5,172.5,5.76236248,0.501616001
-22.5,177.5,177.5,5.690849781,0.485011131
-22.5,182.5,-177.5,5.345461369,0.454877079
-22.5,187.5,-172.5,4.964968681,0.42648387
-22.5,192.5,-167.5,4.820564747,0.414036095
-22.5,197.5,-162.5,4.672467709,0.398736626
-22.5,202.5,-157.5,4.359716892,0.375977188
-22.5,207.5,-152.5,4.409642696,0.374219239
-22.5,212.5,-147.5,4.544463158,0.374540359
-22.5,217.5,-142.5,4.517534256,0.364440471
-22.5,222.5,-137.5,4.463118553,0.359509498
-22.5,227.5,-132.5,4.469624519,0.358780384
-22.5,232.5,-127.5,4.0502491,0.339676946
-22.5,237.5,-122.5,3.608771563,0.320697457
-22.5,242.5,-117.5,3.393033028,0.310629278
-22.5,247.5,-112.5,3.240888834,0.306902647
-22.5,252.5,-107.5,3.24361062,0.311993957
-22.5,257.5,-102.5,3.066877604,0.316979349
-22.5,262.5,-97.5,2.739553452,0.323432088
-22.5,267.5,-92.5,2.596174955,0.330934525
-22.5,272.5,-87.5,2.729865313,0.336325794
-22.5,277.5,-82.5,2.683031082,0.339258432
-22.5,282.5,-77.5,2.704859018,0.348931968
-22.5,287.5,-72.5,2.770918131,0.352137685
-22.5,292.5,-67.5,2.64573741,0.350819021
-22.5,297.5,-62.5,2.638123751,0.364084482
-22.5,302.5,-57.5,2.576673746,0.380171835
-22.5,307.5,-52.5,2.479322672,0.394897729
-22.5,312.5,-47.5,2.665742636,0.410752803
-22.5,317.5,-42.5,2.836875677,0.422239691
-22.5,322.5,-37.5,3.133525372,0.43596521
-22.5,327.5,-32.5,3.505068064,0.442358404
-22.5,332.5,-27.5,3.713472843,0.451244742
-22.5,337.5,-22.5,3.995948553,0.461121827
-22.5,342.5,-17.5,4.111887455,0.450429559
-22.5,347.5,-12.5,4.171680927,0.432528973
-22.5,352.5,-7.5,4.437700272,0.425404817
-22.5,357.5,-2.5,4.777226448,0.424690992
-17.5,2.5,2.5,5.489617825,0.46350646
-17.5,7.5,7.5,5.966219902,0.457899839
-17.5,12.5,12.5,6.002630234,0.444469035
-17.5,17.5,17.5,5.528232574,0.414693981
-17.5,22.5,22.5,5.124591827,0.388752162
-17.5,27.5,27.5,4.704183578,0.372639835
-17.5,32.5,32.5,4.332792282,0.366292626
-17.5,37.5,37.5,4.015302658,0.361957341
-17.5,42.5,42.5,3.702269316,0.35631153
-17.5,47.5,47.5,3.542855024,0.36172995
-17.5,52.5,52.5,3.654394388,0.377477527
-17.5,57.5,57.5,3.649237633,0.393422455
-17.5,62.5,62.5,3.551108122,0.402079374
-17.5,67.5,67.5,3.611485243,0.410427153
-17.5,72.5,72.5,3.496999264,0.411799252
-17.5,77.5,77.5,3.634948969,0.419591457
-17.5,82.5,82.5,3.515026331,0.407363862
-17.5,87.5,87.5,3.547821283,0.399773777
-17.5,92.5,92.5,3.534547567,0.395692825
-17.5,97.5,97.5,3.496116877,0.395011783
-17.5,102.5,102.5,3.50031662,0.389064074
-17.5,107.5,107.5,3.77643013,0.391069859
-17.5,112.5,112.5,4.206665039,0.397050947
-17.5,117.5,117.5,4.412372589,0.399776667
-17.5,122.5,122.5,4.378410816,0.400115937
-17.5,127.5,127.5,4.248030663,0.399278492
-17.5,132.5,132.5,4.063782215,0.401505738
-17.5,137.5,137.5,4.431756496,0.425110817
-17.5,142.5,142.5,4.800363541,0.445308268
-17.5,147.5,147.5,5.061449528,0.458962142
-17.5,152.5,152.5,5.256848812,0.474431574
-17.5,157.5,157.5,5.376174927,0.493058205
-17.5,162.5,162.5,5.627496243,0.51151979
-17.5,167.5,167.5,5.985761166,0.529249847
-17.5,172.5,172.5,6.566586018,0.542574763
-17.5,177.5,177.5,6.624495983,0.531250119
-17.5,182.5,-177.5,6.317201138,0.502961099
-17.5,187.5,-172.5,5.970377445,0.479086578
-17.5,192.5,-167.5,5.828239918,0.461326182
-17.5,197.5,-162.5,5.489059925,0.433630615
-17.5,202.5,-157.5,5.046826363,0.410100937
-17.5,207.5,-152.5,4.906782627,0.399723947
-17.5,212.5,-147.5,4.884475708,0.395613283
-17.5,217.5,-142.5,4.622711182,0.379905879
-17.5,222.5,-137.5,4.586500645,0.370025277
-17.5,227.5,-132.5,4.404951096,0.355792046
-17.5,232.5,-127.5,3.92191124,0.332978457
-17.5,237.5,-122.5,3.519649982,0.315630764
-17.5,242.5,-117.5,3.238002539,0.303028703
-17.5,247.5,-112.5,3.164213896,0.300879955
-17.5,252.5,-107.5,3.294401169,0.308648437
-17.5,257.5,-102.5,3.180918217,0.315323561
-17.5,262.5,-97.5,2.899809837,0.320458323
-17.5,267.5,-92.5,2.922054768,0.333186358
-17.5,272.5,-87.5,3.050337076,0.342959434
-17.5,277.5,-82.5,2.908588648,0.347770542
-17.5,282.5,-77.5,2.855989218,0.357510716
-17.5,287.5,-72.5,2.798543215,0.36196214
-17.5,292.5,-67.5,2.628377914,0.360708207
-17.5,297.5,-62.5,2.803356647,0.37411809
-17.5,302.5,-57.5,2.864812851,0.392826438
-17.5,307.5,-52.5,3.017008781,0.411116898
-17.5,312.5,-47.5,3.379310369,0.435743988
-17.5,317.5,-42.5,3.516081572,0.450700313
-17.5,322.5,-37.5,3.668669701,0.464770496
-17.5,327.5,-32.5,3.731315136,0.464924067
-17.5,332.5,-27.5,3.800893068,0.466239095
-17.5,337.5,-22.5,3.919866562,0.467222124
-17.5,342.5,-17.5,3.830372095,0.461767942
-17.5,347.5,-12.5,3.916906834,0.45036903
-17.5,352.5,-7.5,4.404497623,0.453572273
-17.5,357.5,-2.5,4.894340992,0.45694989
-12.5,2.5,2.5,5.656506538,0.486416191
-12.5,7.5,7.5,6.042737484,0.477873564
-12.5,12.5,12.5,6.089268208,0.462297499
-12.5,17.5,17.5,5.795702934,0.431312889
-12.5,22.5,22.5,5.351395607,0.401667297
-12.5,27.5,27.5,5.191601753,0.38974601
-12.5,32.5,32.5,4.938858986,0.380235523
-12.5,37.5,37.5,4.450015545,0.364227772
-12.5,42.5,42.5,4.245776653,0.363172591
-12.5,47.5,47.5,4.145922661,0.368926406
-12.5,52.5,52.5,4.111093521,0.376532972
-12.5,57.5,57.5,3.947836399,0.378334761
-12.5,62.5,62.5,3.941587925,0.389758438
-12.5,67.5,67.5,3.926589966,0.403303355
-12.5,72.5,72.5,3.864676237,0.411695302
-12.5,77.5,77.5,3.72389245,0.409252584
-12.5,82.5,82.5,3.664911747,0.408597887
-12.5,87.5,87.5,3.625430822,0.405376375
-12.5,92.5,92.5,3.609686613,0.408111006
-12.5,97.5,97.5,3.621186495,0.415614009
-12.5,102.5,102.5,4.079059124,0.428809494
-12.5,107.5,107.5,4.609368801,0.439190149
-12.5,112.5,112.5,4.778686047,0.431772798
-12.5,117.5,117.5,4.735021591,0.420777231
-12.5,122.5,122.5,4.719809055,0.424024284
-12.5,127.5,127.5,4.677267551,0.431895107
-12.5,132.5,132.5,4.522577286,0.43495357
-12.5,137.5,137.5,4.756576538,0.456400633
-12.5,142.5,142.5,5.29394865,0.484464139
-12.5,147.5,147.5,5.697310448,0.509391248
-12.5,152.5,152.5,5.761040688,0.52583617
-12.5,157.5,157.5,5.463942528,0.523202062
-12.5,162.5,162.5,5.431152821,0.526686311
-12.5,167.5,167.5,5.987986088,0.544584155
-12.5,172.5,172.5,6.736872673,0.559544027
-12.5,177.5,177.5,7.009633064,0.561412811
-12.5,182.5,-177.5,6.968641281,0.553681135
-12.5,187.5,-172.5,6.754285812,0.536759973
-12.5,192.5,-167.5,6.39985466,0.512236834
-12.5,197.5,-162.5,5.958127499,0.47814855
-12.5,202.5,-157.5,5.340999603,0.44362992
-12.5,207.5,-152.5,4.979587555,0.425364614
-12.5,212.5,-147.5,4.651002884,0.408342123
-12.5,217.5,-142.5,4.349131107,0.383734316
-12.5,222.5,-137.5,4.279661179,0.367059618
-12.5,227.5,-132.5,3.992570639,0.344053626
-12.5,232.5,-127.5,3.656528234,0.3204602
-12.5,237.5,-122.5,3.371329069,0.306078583
-12.5,242.5,-117.5,3.129896402,0.295551836
-12.5,247.5,-112.5,3.03897047,0.292863697
-12.5,252.5,-107.5,3.134857655,0.298087567
-12.5,257.5,-102.5,3.12116456,0.304787934
-12.5,262.5,-97.5,3.138390541,0.315907449
-12.5,267.5,-92.5,3.309393883,0.334159881
-12.5,272.5,-87.5,3.3486588,0.347688675
-12.5,277.5,-82.5,3.333690882,0.360231221
-12.5,282.5,-77.5,3.32789731,0.373268753
-12.5,287.5,-72.5,3.185344934,0.378507763
-12.5,292.5,-67.5,3.041977882,0.377921343
-12.5,297.5,-62.5,3.161962748,0.389066905
-12.5,302.5,-57.5,3.071268559,0.399020046
-12.5,307.5,-52.5,3.376034975,0.427009612
-12.5,312.5,-47.5,3.729195118,0.457287014
-12.5,317.5,-42.5,3.9088552,0.475019276
-12.5,322.5,-37.5,3.989715815,0.479164809
-12.5,327.5,-32.5,3.885595798,0.480451107
-12.5,332.5,-27.5,3.773483276,0.471095085
-12.5,337.5,-22.5,3.810041666,0.470492452
-12.5,342.5,-17.5,3.765154362,0.471537203
-12.5,347.5,-12.5,4.002211094,0.474443465
-12.5,352.5,-7.5,4.435366154,0.481274009
-12.5,357.5,-2.5,5.101549625,0.490980387
-7.5,2.5,2.5,5.798997879,0.517456412
-7.5,7.5,7.5,6.111858845,0.508042574
-7.5,12.5,12.5,6.042115211,0.480617434
-7.5,17.5,17.5,5.893172741,0.453555286
-7.5,22.5,22.5,5.544420242,0.428032875
-7.5,27.5,27.5,5.457489491,0.408824354
-7.5,32.5,32.5,5.369895935,0.397434056
-7.5,37.5,37.5,5.034020901,0.385993421
-7.5,42.5,42.5,4.873681545,0.381989151
-7.5,47.5,47.5,4.813295841,0.387093872
-7.5,52.5,52.5,4.630610466,0.390132934
-7.5,57.5,57.5,4.478969574,0.393061757
-7.5,62.5,62.5,4.202845573,0.397487462
-7.5,67.5,67.5,4.154033661,0.410357505
-7.5,72.5,72.5,4.006286621,0.419490337
-7.5,77.5,77.5,3.964043856,0.427140474
-7.5,82.5,82.5,3.716362476,0.425561368
-7.5,87.5,87.5,3.627246618,0.427435875
-7.5,92.5,92.5,3.652819633,0.432197362
-7.5,97.5,97.5,3.955122232,0.448140949
-7.5,102.5,102.5,4.448104382,0.467435688
-7.5,107.5,107.5,4.887229919,0.468456894
-7.5,112.5,112.5,5.217884541,0.464115262
-7.5,117.5,117.5,5.231303215,0.456597716
-7.5,122.5,122.5,5.015210152,0.459634066
-7.5,127.5,127.5,4.925641537,0.472527683
-7.5,132.5,132.5,4.901836395,0.483091205
-7.5,137.5,137.5,5.032044411,0.493419886
-7.5,142.5,142.5,5.428615093,0.515497506
-7.5,147.5,147.5,5.868607998,0.542666197
-7.5,152.5,152.5,5.945375919,0.565572977
-7.5,157.5,157.5,5.476580143,0.554930568
-7.5,162.5,162.5,5.47322607,0.553735971
-7.5,167.5,167.5,5.85415411,0.559697568
-7.5,172.5,172.5,6.686532974,0.58690685
-7.5,177.5,177.5,6.978907108,0.597760558
-7.5,182.5,-177.5,7.027702332,0.599163532
-7.5,187.5,-172.5,6.562768459,0.564314961
-7.5,192.5,-167.5,6.184054375,0.541627407
-7.5,197.5,-162.5,5.709440231,0.507746816
-7.5,202.5,-157.5,4.825294495,0.454607427
-7.5,207.5,-152.5,4.435314178,0.430764377
-7.5,212.5,-147.5,4.170202732,0.414258122
-7.5,217.5,-142.5,3.959347486,0.38933593
-7.5,222.5,-137.5,3.849820614,0.364234954
-7.5,227.5,-132.5,3.693366051,0.338696837
-7.5,232.5,-127.5,3.643254995,0.32237649
-7.5,237.5,-122.5,3.36262989,0.306433409
-7.5,242.5,-117.5,2.982535124,0.289506823
-7.5,247.5,-112.5,2.913527012,0.283262491
-7.5,252.5,-107.5,3.126765251,0.293109179
-7.5,257.5,-102.5,3.285615206,0.304638714
-7.5,262.5,-97.5,3.478756189,0.319401145
-7.5,267.5,-92.5,3.680035353,0.340252191
-7.5,272.5,-87.5,3.843537569,0.364153832
-7.5,277.5,-82.5,3.845798016,0.380255014
-7.5,282.5,-77.5,3.683675528,0.388669878
-7.5,287.5,-72.5,3.402736425,0.390963525
-7.5,292.5,-67.5,3.244038105,0.392700285
-7.5,297.5,-62.5,3.054175615,0.393485665
-7.5,302.5,-57.5,2.965158463,0.398970008
-7.5,307.5,-52.5,3.463600397,0.42909503
-7.5,312.5,-47.5,3.700118065,0.451746583
-7.5,317.5,-42.5,3.94102335,0.475638211
-7.5,322.5,-37.5,4.035048962,0.48337236
-7.5,327.5,-32.5,3.937724829,0.489308119
-7.5,332.5,-27.5,3.861618519,0.488067657
-7.5,337.5,-22.5,3.829971313,0.490396172
-7.5,342.5,-17.5,3.775899649,0.485275
-7.5,347.5,-12.5,3.996501446,0.495774657
-7.5,352.5,-7.5,4.514167786,0.514890671
-7.5,357.5,-2.5,5.286878586,0.527731955
-2.5,2.5,2.5,6.196075439,0.560407043
-2.5,7.5,7.5,6.342096806,0.536652923
-2.5,12.5,12.5,6.157064438,0.509145379
-2.5,17.5,17.5,5.968165398,0.479326844
-2.5,22.5,22.5,6.004592896,0.469044983
-2.5,27.5,27.5,6.065692425,0.452325732
-2.5,32.5,32.5,5.982004166,0.434019536
-2.5,37.5,37.5,5.699006081,0.420186967
-2.5,42.5,42.5,5.586102009,0.415092379
-2.5,47.5,47.5,5.328952789,0.411301523
-2.5,52.5,52.5,4.967361927,0.409100115
-2.5,57.5,57.5,4.559323311,0.40123111
-2.5,62.5,62.5,4.027957439,0.389905483
-2.5,67.5,67.5,3.987675667,0.399371892
-2.5,72.5,72.5,4.045033455,0.420918137
-2.5,77.5,77.5,3.91039896,0.437831223
-2.5,82.5,82.5,3.775848389,0.45212087
-2.5,87.5,87.5,3.512978077,0.456249356
-2.5,92.5,92.5,3.580108166,0.466281652
-2.5,97.5,97.5,4.07922411,0.48676005
-2.5,102.5,102.5,4.539745808,0.496494591
-2.5,107.5,107.5,4.731451035,0.483451396
-2.5,112.5,112.5,5.07136631,0.484532535
-2.5,117.5,117.5,5.171025753,0.484575003
-2.5,122.5,122.5,5.024745464,0.49714914
-2.5,127.5,127.5,5.085178375,0.517279327
-2.5,132.5,132.5,5.065939903,0.525834441
-2.5,137.5,137.5,5.074771404,0.536078632
-2.5,142.5,142.5,5.232588768,0.543488026
-2.5,147.5,147.5,5.413134098,0.558032632
-2.5,152.5,152.5,5.46723938,0.571985006
-2.5,157.5,157.5,5.216302395,0.567990124
-2.5,162.5,162.5,5.176480293,0.564042091
-2.5,167.5,167.5,5.568045616,0.57624191
-2.5,172.5,172.5,6.282824993,0.597643316
-2.5,177.5,177.5,6.434720516,0.608715236
-2.5,182.5,-177.5,6.311309814,0.610349298
-2.5,187.5,-172.5,5.7973876,0.569770992
-2.5,192.5,-167.5,5.589486122,0.5483374
-2.5,197.5,-162.5,5.262063026,0.52327311
-2.5,202.5,-157.5,4.568597317,0.480754584
-2.5,207.5,-152.5,4.09748888,0.447514534
-2.5,212.5,-147.5,3.752174854,0.422938406
-2.5,217.5,-142.5,3.525563955,0.392232656
-2.5,222.5,-137.5,3.519509077,0.368572325
-2.5,227.5,-132.5,3.539690018,0.347226709
-2.5,232.5,-127.5,3.614229202,0.327778399
-2.5,237.5,-122.5,3.336966515,0.308131218
-2.5,242.5,-117.5,3.108075142,0.292699903
-2.5,247.5,-112.5,3.024474621,0.284688026
-2.5,252.5,-107.5,3.147674561,0.292956591
-2.5,257.5,-102.5,3.396510839,0.306048274
-2.5,262.5,-97.5,3.435679197,0.316000074
-2.5,267.5,-92.5,3.696347475,0.344140828
-2.5,272.5,-87.5,3.976558447,0.375583649
-2.5,277.5,-82.5,3.970347404,0.38868311
-2.5,282.5,-77.5,3.707594156,0.393780112
-2.5,287.5,-72.5,3.508631468,0.402062356
-2.5,292.5,-67.5,3.200768709,0.403295964
-2.5,297.5,-62.5,2.860953569,0.403524458
-2.5,302.5,-57.5,2.770323753,0.402417183
-2.5,307.5,-52.5,3.268793583,0.420413643
-2.5,312.5,-47.5,3.772175312,0.446784794
-2.5,317.5,-42.5,4.023682594,0.473285139
-2.5,322.5,-37.5,3.970956087,0.485236704
-2.5,327.5,-32.5,3.821405649,0.48858431
-2.5,332.5,-27.5,3.732633352,0.492065728
-2.5,337.5,-22.5,3.653963804,0.490708739
-2.5,342.5,-17.5,3.82736969,0.49842158
-2.5,347.5,-12.5,4.289400101,0.519042373
-2.5,352.5,-7.5,4.970767021,0.548217595
-2.5,357.5,-2.5,5.545739174,0.558609009
2.5,2.5,2.5,6.151098251,0.560093045
2.5,7.5,7.5,6.587285995,0.558212638
2.5,12.5,12.5,6.476038933,0.537634969
2.5,17.5,17.5,6.17542696,0.504075587
2.5,22.5,22.5,6.183324814,0.49023658
2.5,27.5,27.5,6.384493351,0.482378006
2.5,32.5,32.5,6.367628098,0.465057015
2.5,37.5,37.5,6.245848179,0.452824444
2.5,42.5,42.5,5.945985794,0.436251968
2.5,47.5,47.5,5.504091263,0.423738688
2.5,52.5,52.5,5.015313148,0.416315198
2.5,57.5,57.5,4.456090927,0.401998073
2.5,62.5,62.5,3.642377377,0.375607222
2.5,67.5,67.5,3.708521843,0.392079294
2.5,72.5,72.5,3.828819036,0.418677837
2.5,77.5,77.5,3.736386061,0.442597598
2.5,82.5,82.5,3.56949091,0.470000297
2.5,87.5,87.5,3.146614552,0.479199201
2.5,92.5,92.5,3.057866335,0.489968121
2.5,97.5,97.5,3.484339476,0.505167902
2.5,102.5,102.5,3.9529562,0.507979333
2.5,107.5,107.5,4.240403175,0.494645238
2.5,112.5,112.5,4.472168922,0.491515458
2.5,117.5,117.5,4.708579063,0.500608802
2.5,122.5,122.5,5.013377666,0.526655853
2.5,127.5,127.5,5.003460407,0.539446831
2.5,132.5,132.5,4.940952301,0.550959527
2.5,137.5,137.5,4.991834641,0.563366175
2.5,142.5,142.5,4.937784672,0.553904116
2.5,147.5,147.5,4.9247365,0.5586465
2.5,152.5,152.5,4.996128082,0.563259363
2.5,157.5,157.5,4.870933056,0.555818319
2.5,162.5,162.5,5.036172867,0.561761677
2.5,167.5,167.5,5.329708576,0.57078135
2.5,172.5,172.5,5.758322716,0.590355158
2.5,177.5,177.5,5.696327686,0.593598425
2.5,182.5,-177.5,5.437660217,0.586423397
2.5,187.5,-172.5,5.219934464,0.567695856
2.5,192.5,-167.5,5.122545719,0.550596237
2.5,197.5,-162.5,5.129853725,0.536824644
2.5,202.5,-157.5,4.75949049,0.513504326
2.5,207.5,-152.5,4.380372524,0.479724199
2.5,212.5,-147.5,3.935480118,0.448473155
2.5,217.5,-142.5,3.770503044,0.411579251
2.5,222.5,-137.5,3.687062502,0.381745398
2.5,227.5,-132.5,3.75017333,0.363746136
2.5,232.5,-127.5,3.705099344,0.340854287
2.5,237.5,-122.5,3.705325842,0.322781414
2.5,242.5,-117.5,3.615525484,0.313491732
2.5,247.5,-112.5,3.357138634,0.30360955
2.5,252.5,-107.5,3.185894251,0.300349444
2.5,257.5,-102.5,3.200932503,0.303103596
2.5,262.5,-97.5,3.248398304,0.315362841
2.5,267.5,-92.5,3.435576439,0.34036836
2.5,272.5,-87.5,3.716733217,0.373185843
2.5,277.5,-82.5,3.750209808,0.392257541
2.5,282.5,-77.5,3.595985174,0.401540518
2.5,287.5,-72.5,3.392012835,0.413371384
2.5,292.5,-67.5,2.964376211,0.419147015
2.5,297.5,-62.5,2.778719902,0.426450759
2.5,302.5,-57.5,2.852809191,0.426197618
2.5,307.5,-52.5,3.310263395,0.431298554
2.5,312.5,-47.5,3.839112997,0.454574287
2.5,317.5,-42.5,4.158220768,0.482405245
2.5,322.5,-37.5,3.889420033,0.49019587
2.5,327.5,-32.5,3.724697828,0.493914187
2.5,332.5,-27.5,3.46500659,0.48198691
2.5,337.5,-22.5,3.432300806,0.479242831
2.5,342.5,-17.5,3.771131277,0.499761909
2.5,347.5,-12.5,4.222223282,0.515593469
2.5,352.5,-7.5,4.950239182,0.540137589
2.5,357.5,-2.5,5.443368912,0.553567171
7.5,2.5,2.5,5.933688164,0.543092132
7.5,7.5,7.5,6.550714016,0.561255038
7.5,12.5,12.5,6.689517021,0.556327522
7.5,17.5,17.5,6.477716923,0.528892219
7.5,22.5,22.5,6.0974226,0.492639422
7.5,27.5,27.5,6.059065819,0.477480441
7.5,32.5,32.5,6.397767067,0.481942981
7.5,37.5,37.5,6.414618969,0.472540289
7.5,42.5,42.5,6.068403721,0.447471648
7.5,47.5,47.5,5.573835373,0.428845763
7.5,52.5,52.5,4.909515858,0.412428051
7.5,57.5,57.5,4.172482014,0.393973142
7.5,62.5,62.5,3.479848385,0.377761811
7.5,67.5,67.5,3.525523186,0.389655977
7.5,72.5,72.5,3.611749172,0.414219201
7.5,77.5,77.5,3.573592663,0.448343307
7.5,82.5,82.5,3.232788801,0.48077026
7.5,87.5,87.5,2.660688639,0.494468302
7.5,92.5,92.5,2.540991545,0.505663693
7.5,97.5,97.5,2.967065096,0.517697036
7.5,102.5,102.5,3.225827694,0.514389515
7.5,107.5,107.5,3.598599434,0.504752755
7.5,112.5,112.5,3.734174252,0.497638673
7.5,117.5,117.5,4.059166431,0.509871244
7.5,122.5,122.5,4.485197067,0.533649683
7.5,127.5,127.5,4.755842209,0.550626218
7.5,132.5,132.5,4.690506458,0.553527951
7.5,137.5,137.5,4.612636566,0.547693133
7.5,142.5,142.5,4.426987648,0.5344944
7.5,147.5,147.5,4.393564224,0.530534625
7.5,152.5,152.5,4.378821373,0.532616913
7.5,157.5,157.5,4.409229755,0.531342387
7.5,162.5,162.5,4.78555584,0.545737565
7.5,167.5,167.5,4.999903679,0.550112963
7.5,172.5,172.5,5.166262627,0.561822295
7.5,177.5,177.5,5.252872944,0.583469868
7.5,182.5,-177.5,5.11916256,0.581828415
7.5,187.5,-172.5,4.77462244,0.558266163
7.5,192.5,-167.5,4.797259331,0.548908889
7.5,197.5,-162.5,4.950151443,0.543213606
7.5,202.5,-157.5,4.861897469,0.527918041
7.5,207.5,-152.5,4.627883911,0.506500363
7.5,212.5,-147.5,4.306749344,0.46767056
7.5,217.5,-142.5,3.941347837,0.426746964
7.5,222.5,-137.5,3.719118834,0.388291895
7.5,227.5,-132.5,3.810356379,0.366017997
7.5,232.5,-127.5,3.943484783,0.349270195
7.5,237.5,-122.5,4.094474316,0.336895019
7.5,242.5,-117.5,4.108403206,0.328523129
7.5,247.5,-112.5,3.852571249,0.317225903
7.5,252.5,-107.5,3.457033873,0.306864113
7.5,257.5,-102.5,3.104642391,0.302167922
7.5,262.5,-97.5,2.983956575,0.313037783
7.5,267.5,-92.5,3.143790245,0.339375108
7.5,272.5,-87.5,3.296183825,0.370278686
7.5,277.5,-82.5,3.481469154,0.395109743
7.5,282.5,-77.5,3.461519957,0.411592811
7.5,287.5,-72.5,3.111961126,0.416619927
7.5,292.5,-67.5,2.609021902,0.420195669
7.5,297.5,-62.5,2.619766712,0.432486475
7.5,302.5,-57.5,2.983895302,0.441224843
7.5,307.5,-52.5,3.441309214,0.453856707
7.5,312.5,-47.5,3.788146973,0.468069524
7.5,317.5,-42.5,3.900246382,0.489753634
7.5,322.5,-37.5,3.689552307,0.496821135
7.5,327.5,-32.5,3.444108009,0.498264581
7.5,332.5,-27.5,3.208410025,0.480845869
7.5,337.5,-22.5,3.530465126,0.490234494
7.5,342.5,-17.5,3.979750395,0.503361642
7.5,347.5,-12.5,4.541853428,0.522197664
7.5,352.5,-7.5,5.109176159,0.540623367
7.5,357.5,-2.5,5.590081215,0.545657039
12.5,2.5,2.5,5.938199997,0.545721233
12.5,7.5,7.5,6.357584953,0.553714931
12.5,12.5,12.5,6.679381371,0.558138251
12.5,17.5,17.5,6.349051476,0.531165957
12.5,22.5,22.5,6.007601738,0.495207667
12.5,27.5,27.5,5.955780506,0.48401019
12.5,32.5,32.5,6.292975426,0.489748061
12.5,37.5,37.5,6.431723595,0.487955391
12.5,42.5,42.5,6.060060501,0.459072411
12.5,47.5,47.5,5.555752277,0.433760285
12.5,52.5,52.5,4.71982193,0.40754512
12.5,57.5,57.5,3.972917795,0.387842238
12.5,62.5,62.5,3.640275717,0.387300372
12.5,67.5,67.5,3.404553413,0.391072899
12.5,72.5,72.5,3.425444603,0.416237116
12.5,77.5,77.5,3.409757614,0.458687693
12.5,82.5,82.5,3.069565058,0.490274489
12.5,87.5,87.5,2.541930437,0.49995023
12.5,92.5,92.5,2.426641464,0.517239094
12.5,97.5,97.5,2.684627056,0.522835791
12.5,102.5,102.5,2.959406853,0.521561384
12.5,107.5,107.5,3.217918396,0.522000432
12.5,112.5,112.5,3.400553226,0.519156039
12.5,117.5,117.5,3.493651152,0.512652218
12.5,122.5,122.5,3.769429445,0.520151496
12.5,127.5,127.5,4.137607098,0.538842738
12.5,132.5,132.5,4.34219265,0.542966545
12.5,137.5,137.5,4.247351646,0.520636976
12.5,142.5,142.5,4.169313908,0.503620923
12.5,147.5,147.5,3.950356007,0.486531556
12.5,152.5,152.5,3.88943243,0.485149682
12.5,157.5,157.5,3.79250145,0.485359102
12.5,162.5,162.5,3.954375505,0.490081429
12.5,167.5,167.5,4.253942013,0.502487957
12.5,172.5,172.5,4.580151558,0.52349472
12.5,177.5,177.5,4.888266563,0.551713288
12.5,182.5,-177.5,4.650906086,0.556835234
12.5,187.5,-172.5,4.628149033,0.555258453
12.5,192.5,-167.5,4.622066498,0.550186217
12.5,197.5,-162.5,4.800115585,0.541308165
12.5,202.5,-157.5,4.876277924,0.537522316
12.5,207.5,-152.5,4.786333084,0.517867863
12.5,212.5,-147.5,4.337416172,0.468134403
12.5,217.5,-142.5,3.970880747,0.418576717
12.5,222.5,-137.5,3.831410408,0.386253655
12.5,227.5,-132.5,4.001237392,0.367789656
12.5,232.5,-127.5,4.12908411,0.354313105
12.5,237.5,-122.5,4.342844486,0.344196826
12.5,242.5,-117.5,4.380151272,0.336857319
12.5,247.5,-112.5,4.114783764,0.322955519
12.5,252.5,-107.5,3.668554068,0.311090946
12.5,257.5,-102.5,3.081428528,0.303445458
12.5,262.5,-97.5,2.72983551,0.306371212
12.5,267.5,-92.5,2.872825146,0.333025426
12.5,272.5,-87.5,3.064654827,0.367822409
12.5,277.5,-82.5,3.180037975,0.392800033
12.5,282.5,-77.5,3.10010457,0.4069601
12.5,287.5,-72.5,2.836966038,0.413166076
12.5,292.5,-67.5,2.503100634,0.41972959
12.5,297.5,-62.5,2.561414719,0.426616549
12.5,302.5,-57.5,2.843515873,0.440399379
12.5,307.5,-52.5,3.324703217,0.468733668
12.5,312.5,-47.5,3.609409332,0.491137475
12.5,317.5,-42.5,3.58455801,0.504760742
12.5,322.5,-37.5,3.310952187,0.512572527
12.5,327.5,-32.5,3.143784523,0.512429893
12.5,332.5,-27.5,3.126187325,0.504395843
12.5,337.5,-22.5,3.617482185,0.505747199
12.5,342.5,-17.5,4.379109859,0.522582114
12.5,347.5,-12.5,4.903843403,0.531016231
12.5,352.5,-7.5,5.347601414,0.54674226
12.5,357.5,-2.5,5.563528061,0.545552611
17.5,2.5,2.5,5.850366592,0.547396541
17.5,7.5,7.5,6.078563213,0.540677905
17.5,12.5,12.5,6.081406116,0.537939727
17.5,17.5,17.5,5.924419403,0.518659174
17.5,22.5,22.5,5.789960861,0.497636646
17.5,27.5,27.5,5.877004623,0.491744101
17.5,32.5,32.5,5.962508202,0.484972805
17.5,37.5,37.5,6.052721977,0.481976122
17.5,42.5,42.5,5.868112087,0.466701388
17.5,47.5,47.5,5.377131462,0.438301027
17.5,52.5,52.5,4.590068817,0.408668578
17.5,57.5,57.5,4.001642227,0.392398864
17.5,62.5,62.5,3.631944895,0.390999764
17.5,67.5,67.5,3.377565861,0.398011893
17.5,72.5,72.5,3.503134251,0.428133458
17.5,77.5,77.5,3.5857265,0.466648161
17.5,82.5,82.5,3.06626153,0.490460008
17.5,87.5,87.5,2.841263533,0.511342227
17.5,92.5,92.5,2.6534729,0.528518498
17.5,97.5,97.5,2.697563887,0.537529707
17.5,102.5,102.5,2.987359047,0.542430937
17.5,107.5,107.5,3.138038158,0.542585373
17.5,112.5,112.5,3.171906233,0.532143116
17.5,117.5,117.5,3.354823589,0.523395658
17.5,122.5,122.5,3.344772339,0.51450479
17.5,127.5,127.5,3.475968122,0.513979793
17.5,132.5,132.5,3.786690474,0.510643423
17.5,137.5,137.5,4.055333614,0.497392595
17.5,142.5,142.5,4.135044098,0.479873836
17.5,147.5,147.5,3.869997978,0.461505443
17.5,152.5,152.5,3.620666027,0.454707086
17.5,157.5,157.5,3.450994253,0.452161729
17.5,162.5,162.5,3.287865162,0.446828514
17.5,167.5,167.5,3.547262192,0.46615988
17.5,172.5,172.5,3.872491598,0.488323182
17.5,177.5,177.5,4.181114197,0.510073662
17.5,182.5,-177.5,4.244218349,0.522858799
17.5,187.5,-172.5,4.279308796,0.543477476
17.5,192.5,-167.5,4.205178738,0.541903436
17.5,197.5,-162.5,4.306515694,0.533946037
17.5,202.5,-157.5,4.417793274,0.525420249
17.5,207.5,-152.5,4.280767441,0.496543676
17.5,212.5,-147.5,4.069197655,0.453732699
17.5,217.5,-142.5,3.977052212,0.411889464
17.5,222.5,-137.5,4.143104553,0.390699983
17.5,227.5,-132.5,4.196891308,0.372415394
17.5,232.5,-127.5,4.228889942,0.354152799
17.5,237.5,-122.5,4.525804996,0.351769626
17.5,242.5,-117.5,4.59845829,0.346447706
17.5,247.5,-112.5,4.173313618,0.327952236
17.5,252.5,-107.5,3.709668159,0.312033564
17.5,257.5,-102.5,3.28557539,0.304489523
17.5,262.5,-97.5,2.937003136,0.30850786
17.5,267.5,-92.5,2.882187366,0.32920298
17.5,272.5,-87.5,2.913780451,0.3558034
17.5,277.5,-82.5,2.857348919,0.378035754
17.5,282.5,-77.5,2.664014339,0.390212983
17.5,287.5,-72.5,2.43723011,0.401580989
17.5,292.5,-67.5,2.308100224,0.410031646
17.5,297.5,-62.5,2.491500854,0.425801992
17.5,302.5,-57.5,2.693107843,0.447604984
17.5,307.5,-52.5,2.833602667,0.472128302
17.5,312.5,-47.5,2.946965218,0.489306867
17.5,317.5,-42.5,2.904098749,0.512055218
17.5,322.5,-37.5,2.895244598,0.526418805
17.5,327.5,-32.5,3.127470016,0.537374556
17.5,332.5,-27.5,3.458685875,0.53906548
17.5,337.5,-22.5,4.170454979,0.548257291
17.5,342.5,-17.5,4.834203243,0.552924991
17.5,347.5,-12.5,5.269686699,0.549272716
17.5,352.5,-7.5,5.480834007,0.550222278
17.5,357.5,-2.5,5.7587924,0.558562219
22.5,2.5,2.5,5.629806519,0.544397831
22.5,7.5,7.5,5.879440784,0.551030993
22.5,12.5,12.5,5.739683151,0.530801237
22.5,17.5,17.5,5.548892021,0.506134629
22.5,22.5,22.5,5.582712173,0.495251536
22.5,27.5,27.5,5.727481365,0.492802799
22.5,32.5,32.5,5.810204506,0.48432982
22.5,37.5,37.5,5.844994545,0.478895247
22.5,42.5,42.5,5.502646446,0.462543249
22.5,47.5,47.5,4.857099533,0.430825561
22.5,52.5,52.5,4.328112125,0.405274332
22.5,57.5,57.5,3.852654219,0.398806304
22.5,62.5,62.5,3.55372858,0.398411959
22.5,67.5,67.5,3.367556095,0.40394187
22.5,72.5,72.5,3.334696531,0.423799306
22.5,77.5,77.5,3.461652756,0.460886538
22.5,82.5,82.5,3.228695631,0.485808223
22.5,87.5,87.5,2.994776487,0.503838778
22.5,92.5,92.5,2.836677074,0.522315323
22.5,97.5,97.5,2.960960388,0.547788143
22.5,102.5,102.5,3.192523956,0.558392048
22.5,107.5,107.5,3.404335022,0.565780044
22.5,112.5,112.5,3.233036757,0.547451973
22.5,117.5,117.5,3.2753582,0.535219073
22.5,122.5,122.5,3.248710394,0.51885879
22.5,127.5,127.5,3.4288764,0.506455243
22.5,132.5,132.5,3.789453983,0.502251565
22.5,137.5,137.5,4.114911556,0.488138586
22.5,142.5,142.5,4.1858325,0.471774727
22.5,147.5,147.5,3.925910473,0.447349995
22.5,152.5,152.5,3.709623337,0.432731539
22.5,157.5,157.5,3.366093636,0.430317998
22.5,162.5,162.5,3.316498995,0.446109831
22.5,167.5,167.5,3.365299702,0.450701475
22.5,172.5,172.5,3.567910194,0.472340256
22.5,177.5,177.5,3.846942902,0.492908478
22.5,182.5,-177.5,4.076268673,0.505758524
22.5,187.5,-172.5,4.126898289,0.528397083
22.5,192.5,-167.5,4.101335049,0.534744322
22.5,197.5,-162.5,4.092949867,0.524691105
22.5,202.5,-157.5,3.965432405,0.50881952
22.5,207.5,-152.5,3.926039219,0.476995736
22.5,212.5,-147.5,4.030745506,0.449049771
22.5,217.5,-142.5,4.172068119,0.421352953
22.5,222.5,-137.5,4.410633087,0.401907951
22.5,227.5,-132.5,4.490757942,0.385595411
22.5,232.5,-127.5,4.499480724,0.366061419
22.5,237.5,-122.5,4.609749794,0.359704256
22.5,242.5,-117.5,4.553133488,0.34883222
22.5,247.5,-112.5,4.34215498,0.335909158
22.5,252.5,-107.5,3.959410191,0.32175836
22.5,257.5,-102.5,3.556316614,0.309329718
22.5,262.5,-97.5,3.26933074,0.315005332
22.5,267.5,-92.5,3.097101927,0.327042103
22.5,272.5,-87.5,2.975710869,0.34512791
22.5,277.5,-82.5,2.799363136,0.36243245
22.5,282.5,-77.5,2.40653038,0.36932385
22.5,287.5,-72.5,2.162142515,0.382303506
22.5,292.5,-67.5,2.199319363,0.40119797
22.5,297.5,-62.5,2.373638391,0.421752572
22.5,302.5,-57.5,2.45625782,0.446263283
22.5,307.5,-52.5,2.397138357,0.464304477
22.5,312.5,-47.5,2.450730801,0.486758322
22.5,317.5,-42.5,2.64831543,0.519523442
22.5,322.5,-37.5,3.114133358,0.549997449
22.5,327.5,-32.5,3.613883018,0.566878021
22.5,332.5,-27.5,3.981608152,0.576827884
22.5,337.5,-22.5,4.578367233,0.581711948
22.5,342.5,-17.5,5.127585411,0.579081595
22.5,347.5,-12.5,5.500632286,0.576656759
22.5,352.5,-7.5,5.617252827,0.565434158
22.5,357.5,-2.5,5.578215599,0.548052847
27.5,2.5,2.5,5.297997475,0.524704039
27.5,7.5,7.5,5.307490826,0.528386712
27.5,12.5,12.5,5.335950851,0.519122005
27.5,17.5,17.5,5.316482067,0.49337706
27.5,22.5,22.5,5.297431946,0.479210705
27.5,27.5,27.5,5.388315201,0.476049811
27.5,32.5,32.5,5.321190834,0.46863839
27.5,37.5,37.5,5.067485809,0.451118141
27.5,42.5,42.5,4.671312809,0.43566066
27.5,47.5,47.5,4.094454288,0.415529072
27.5,52.5,52.5,3.654401779,0.395678014
27.5,57.5,57.5,3.432793617,0.397126377
27.5,62.5,62.5,3.395986557,0.40712595
27.5,67.5,67.5,3.276252985,0.409909189
27.5,72.5,72.5,2.947381496,0.414395809
27.5,77.5,77.5,2.904201984,0.441162527
27.5,82.5,82.5,2.858217239,0.466668367
27.5,87.5,87.5,2.633560896,0.491613597
27.5,92.5,92.5,2.762916803,0.522310793
27.5,97.5,97.5,2.997220039,0.548368573
27.5,102.5,102.5,3.343964815,0.571050882
27.5,107.5,107.5,3.555426598,0.581128895
27.5,112.5,112.5,3.666366816,0.573359191
27.5,117.5,117.5,3.509717464,0.553645968
27.5,122.5,122.5,3.468684435,0.5276407
27.5,127.5,127.5,3.675601244,0.520302415
27.5,132.5,132.5,4.01287365,0.510693669
27.5,137.5,137.5,4.262336254,0.490199178
27.5,142.5,142.5,4.472411156,0.478983402
27.5,147.5,147.5,4.200133324,0.451690644
27.5,152.5,152.5,3.807389259,0.427687705
27.5,157.5,157.5,3.589789391,0.428802282
27.5,162.5,162.5,3.425322771,0.443715632
27.5,167.5,167.5,3.536322594,0.45474273
27.5,172.5,172.5,3.672339678,0.467986047
27.5,177.5,177.5,3.828249693,0.488892436
27.5,182.5,-177.5,4.060657978,0.509842217
27.5,187.5,-172.5,4.152516365,0.523476422
27.5,192.5,-167.5,4.232089996,0.526687086
27.5,197.5,-162.5,4.176177979,0.51479429
27.5,202.5,-157.5,4.05678463,0.499804825
27.5,207.5,-152.5,4.091305256,0.47826317
27.5,212.5,-147.5,4.310827255,0.459425092
27.5,217.5,-142.5,4.455683708,0.43625626
27.5,222.5,-137.5,4.759212494,0.420674771
27.5,227.5,-132.5,4.941447258,0.402819723
27.5,232.5,-127.5,4.878972054,0.38183412
27.5,237.5,-122.5,4.714107037,0.362766325
27.5,242.5,-117.5,4.552456856,0.345775843
27.5,247.5,-112.5,4.47254467,0.336898148
27.5,252.5,-107.5,4.196705341,0.324843615
27.5,257.5,-102.5,3.833917379,0.31495437
27.5,262.5,-97.5,3.756072044,0.325648278
27.5,267.5,-92.5,3.649175882,0.33363378
27.5,272.5,-87.5,3.405826569,0.342204779
27.5,277.5,-82.5,3.087506771,0.348137915
27.5,282.5,-77.5,2.63583231,0.355962545
27.5,287.5,-72.5,2.316831112,0.369850576
27.5,292.5,-67.5,2.274241209,0.388234884
27.5,297.5,-62.5,2.288911343,0.413222343
27.5,302.5,-57.5,2.393588781,0.445838898
27.5,307.5,-52.5,2.456629753,0.47124064
27.5,312.5,-47.5,2.361935377,0.493941814
27.5,317.5,-42.5,2.741842985,0.533286631
27.5,322.5,-37.5,3.462656021,0.574466705
27.5,327.5,-32.5,3.936719418,0.581746757
27.5,332.5,-27.5,4.507112026,0.604772508
27.5,337.5,-22.5,4.985245705,0.607005775
27.5,342.5,-17.5,5.128574371,0.595941246
27.5,347.5,-12.5,5.349083424,0.590291798
27.5,352.5,-7.5,5.64456892,0.577401698
27.5,357.5,-2.5,5.318333149,0.538401127
32.5,2.5,2.5,4.672858238,0.51066792
32.5,7.5,7.5,4.737407207,0.50213486
32.5,12.5,12.5,4.912500381,0.501172185
32.5,17.5,17.5,4.988619804,0.484681755
32.5,22.5,22.5,5.108564377,0.475140154
32.5,27.5,27.5,5.096652985,0.46910131
32.5,32.5,32.5,4.72411108,0.451662064
32.5,37.5,37.5,4.187188148,0.430870712
32.5,42.5,42.5,3.925446749,0.422623187
32.5,47.5,47.5,3.578591824,0.412649632
32.5,52.5,52.5,3.429505348,0.405313194
32.5,57.5,57.5,3.207499266,0.403977633
32.5,62.5,62.5,3.166077137,0.413668483
32.5,67.5,67.5,3.013237953,0.420215249
32.5,72.5,72.5,2.616598129,0.427321136
32.5,77.5,77.5,2.255855083,0.439595282
32.5,82.5,82.5,2.174028158,0.460218757
32.5,87.5,87.5,2.142673969,0.486471653
32.5,92.5,92.5,2.563750505,0.523265362
32.5,97.5,97.5,2.797348976,0.554626465
32.5,102.5,102.5,3.1435709,0.582995176
32.5,107.5,107.5,3.597097874,0.596010089
32.5,112.5,112.5,3.829075575,0.591745436
32.5,117.5,117.5,3.618420362,0.562867939
32.5,122.5,122.5,3.812383652,0.543136239
32.5,127.5,127.5,3.960949898,0.536601067
32.5,132.5,132.5,4.189826488,0.525699794
32.5,137.5,137.5,4.571475029,0.518381238
32.5,142.5,142.5,4.700204849,0.503335238
32.5,147.5,147.5,4.403151989,0.47551921
32.5,152.5,152.5,4.258574009,0.46216476
32.5,157.5,157.5,4.159671783,0.461515397
32.5,162.5,162.5,4.078449249,0.465214461
32.5,167.5,167.5,4.026963234,0.470000803
32.5,172.5,172.5,4.002290726,0.476893336
32.5,177.5,177.5,4.011901379,0.490448594
32.5,182.5,-177.5,4.108534336,0.505245447
32.5,187.5,-172.5,4.404803276,0.522172093
32.5,192.5,-167.5,4.538212299,0.535877228
32.5,197.5,-162.5,4.615950584,0.531838298
32.5,202.5,-157.5,4.683102131,0.527228415
32.5,207.5,-152.5,4.826461315,0.519681275
32.5,212.5,-147.5,4.662577629,0.492635459
32.5,217.5,-142.5,4.724218369,0.462641895
32.5,222.5,-137.5,5.047463894,0.451922357
32.5,227.5,-132.5,5.083720684,0.424537122
32.5,232.5,-127.5,5.095753193,0.403702319
32.5,237.5,-122.5,5.065960884,0.380827069
32.5,242.5,-117.5,4.951738834,0.36083734
32.5,247.5,-112.5,4.651481152,0.343733102
32.5,252.5,-107.5,4.3989048,0.329704762
32.5,257.5,-102.5,4.278494358,0.326910198
32.5,262.5,-97.5,4.342169762,0.338718563
32.5,267.5,-92.5,4.258076191,0.343667865
32.5,272.5,-87.5,4.023060322,0.34639138
32.5,277.5,-82.5,3.71109724,0.34905538
32.5,282.5,-77.5,3.358391285,0.363229603
32.5,287.5,-72.5,2.957954168,0.37346983
32.5,292.5,-67.5,2.693514347,0.390848666
32.5,297.5,-62.5,2.61710763,0.424465299
32.5,302.5,-57.5,2.583874941,0.457926869
32.5,307.5,-52.5,2.462360144,0.479949027
32.5,312.5,-47.5,2.356879711,0.504172027
32.5,317.5,-42.5,2.739410877,0.539280117
32.5,322.5,-37.5,3.493419647,0.585701883
32.5,327.5,-32.5,3.926417112,0.601498008
32.5,332.5,-27.5,4.564892769,0.628814816
32.5,337.5,-22.5,5.040176392,0.635002673
32.5,342.5,-17.5,4.946413994,0.611826062
32.5,347.5,-12.5,5.001955032,0.600266635
32.5,352.5,-7.5,4.991495609,0.581143081
32.5,357.5,-2.5,4.665726185,0.535172522
37.5,2.5,2.5,4.041049957,0.51048094
37.5,7.5,7.5,4.338913441,0.508276761
37.5,12.5,12.5,4.566613197,0.501691699
37.5,17.5,17.5,4.597332954,0.482260942
37.5,22.5,22.5,4.644813538,0.468171924
37.5,27.5,27.5,4.600567818,0.462976277
37.5,32.5,32.5,4.320308685,0.452850848
37.5,37.5,37.5,3.801757097,0.433963925
37.5,42.5,42.5,3.489071846,0.428305507
37.5,47.5,47.5,3.198206663,0.42343694
37.5,52.5,52.5,3.117436886,0.423415661
37.5,57.5,57.5,3.082970142,0.424954027
37.5,62.5,62.5,3.035096407,0.430891395
37.5,67.5,67.5,2.875723124,0.443037122
37.5,72.5,72.5,2.477030754,0.451267183
37.5,77.5,77.5,2.204601526,0.460545748
37.5,82.5,82.5,1.781989455,0.470496774
37.5,87.5,87.5,1.817118526,0.488133669
37.5,92.5,92.5,2.109120131,0.518709481
37.5,97.5,97.5,2.543525696,0.552193999
37.5,102.5,102.5,3.016804934,0.575991809
37.5,107.5,107.5,3.607361317,0.595979452
37.5,112.5,112.5,3.699863434,0.590323508
37.5,117.5,117.5,3.777102709,0.571704745
37.5,122.5,122.5,3.932176352,0.553778827
37.5,127.5,127.5,4.176217079,0.555213094
37.5,132.5,132.5,4.433800697,0.564744115
37.5,137.5,137.5,4.645804405,0.567119539
37.5,142.5,142.5,4.774673939,0.56777519
37.5,147.5,147.5,4.729010105,0.556466699
37.5,152.5,152.5,4.600625038,0.541446567
37.5,157.5,157.5,4.661177635,0.545111179
37.5,162.5,162.5,4.540586948,0.53722316
37.5,167.5,167.5,4.588089466,0.533925533
37.5,172.5,172.5,4.528059006,0.527461588
37.5,177.5,177.5,4.54494524,0.533296406
37.5,182.5,-177.5,4.554460049,0.547133148
37.5,187.5,-172.5,4.863554001,0.571541309
37.5,192.5,-167.5,4.923993587,0.596706867
37.5,197.5,-162.5,5.072353363,0.61061883
37.5,202.5,-157.5,5.320054531,0.626875579
37.5,207.5,-152.5,5.369567871,0.62260443
37.5,212.5,-147.5,5.10060215,0.584725022
37.5,217.5,-142.5,5.090967178,0.550099254
37.5,222.5,-137.5,5.268811226,0.533051014
37.5,227.5,-132.5,5.229448795,0.496364713
37.5,232.5,-127.5,5.198931694,0.464292616
37.5,237.5,-122.5,5.154462337,0.427513152
37.5,242.5,-117.5,4.985932827,0.395795137
37.5,247.5,-112.5,4.747611523,0.374619484
37.5,252.5,-107.5,4.718317986,0.369236112
37.5,257.5,-102.5,4.52534914,0.358020872
37.5,262.5,-97.5,4.603942871,0.3630853
37.5,267.5,-92.5,4.69061327,0.372228831
37.5,272.5,-87.5,4.630264282,0.377412289
37.5,277.5,-82.5,4.533659458,0.383290589
37.5,282.5,-77.5,4.261766911,0.392439604
37.5,287.5,-72.5,3.545626402,0.390147626
37.5,292.5,-67.5,3.173053265,0.404697597
37.5,297.5,-62.5,2.884479523,0.426144272
37.5,302.5,-57.5,2.485173941,0.446998954
37.5,307.5,-52.5,2.29264307,0.473318189
37.5,312.5,-47.5,2.306981802,0.505718172
37.5,317.5,-42.5,2.553083181,0.539006472
37.5,322.5,-37.5,3.123152971,0.581060946
37.5,327.5,-32.5,3.686573267,0.615581274
37.5,332.5,-27.5,4.26392889,0.64742595
37.5,337.5,-22.5,4.690235615,0.647962213
37.5,342.5,-17.5,4.681262493,0.618927956
37.5,347.5,-12.5,4.753526688,0.611685276
37.5,352.5,-7.5,4.654445648,0.593369305
37.5,357.5,-2.5,4.154854774,0.541876137
42.5,2.5,2.5,3.978071213,0.533057094
42.5,7.5,7.5,4.245442867,0.532802999
42.5,12.5,12.5,4.62164259,0.528428376
42.5,17.5,17.5,4.778953552,0.510370493
42.5,22.5,22.5,4.778790474,0.496993542
42.5,27.5,27.5,4.54917717,0.485300273
42.5,32.5,32.5,4.268801212,0.479771078
42.5,37.5,37.5,3.962236881,0.46947968
42.5,42.5,42.5,3.566870213,0.455085486
42.5,47.5,47.5,3.436714172,0.454577088
42.5,52.5,52.5,3.45947361,0.458795041
42.5,57.5,57.5,3.507297277,0.460002989
42.5,62.5,62.5,3.38306284,0.46665135
42.5,67.5,67.5,3.19137907,0.477562577
42.5,72.5,72.5,2.697052717,0.477032721
42.5,77.5,77.5,2.267127514,0.479060739
42.5,82.5,82.5,1.793588042,0.482141525
42.5,87.5,87.5,1.698543429,0.497784823
42.5,92.5,92.5,1.944755793,0.528019845
42.5,97.5,97.5,2.49531889,0.55892241
42.5,102.5,102.5,2.949824572,0.565109372
42.5,107.5,107.5,3.496693134,0.580937743
42.5,112.5,112.5,3.870289087,0.605052173
42.5,117.5,117.5,4.00718832,0.608486235
42.5,122.5,122.5,4.093370914,0.607934415
42.5,127.5,127.5,4.264825821,0.635813475
42.5,132.5,132.5,4.477010727,0.658619106
42.5,137.5,137.5,4.684997082,0.643319428
42.5,142.5,142.5,NaN,NaN
42.5,147.5,147.5,NaN,NaN
42.5,152.5,152.5,NaN,NaN
42.5,157.5,157.5,NaN,NaN
42.5,162.5,162.5,NaN,NaN
42.5,167.5,167.5,5.154870033,0.655228555
42.5,172.5,172.5,5.019039154,0.651371598
42.5,177.5,177.5,4.86970377,0.64162904
42.5,182.5,-177.5,4.70159626,0.637823582
42.5,187.5,-172.5,4.929126263,0.654016912
42.5,192.5,-167.5,5.225868225,0.696481764
42.5,197.5,-162.5,NaN,NaN
42.5,202.5,-157.5,NaN,NaN
42.5,207.5,-152.5,NaN,NaN
42.5,212.5,-147.5,NaN,NaN
42.5,217.5,-142.5,NaN,NaN
42.5,222.5,-137.5,NaN,NaN
42.5,227.5,-132.5,NaN,NaN
42.5,232.5,-127.5,NaN,NaN
42.5,237.5,-122.5,NaN,NaN
42.5,242.5,-117.5,NaN,NaN
42.5,247.5,-112.5,NaN,NaN
42.5,252.5,-107.5,4.870588303,0.430294305
42.5,257.5,-102.5,4.621199608,0.417626619
42.5,262.5,-97.5,4.823535442,0.428869069
42.5,267.5,-92.5,5.060842991,0.445106328
42.5,272.5,-87.5,5.147014141,0.451446742
42.5,277.5,-82.5,5.015649319,0.449659139
42.5,282.5,-77.5,4.621060848,0.443976492
42.5,287.5,-72.5,3.963630199,0.433361083
42.5,292.5,-67.5,3.480171442,0.429666638
42.5,297.5,-62.5,3.10060811,0.437176913
42.5,302.5,-57.5,2.598897457,0.450499058
42.5,307.5,-52.5,2.469165802,0.479874402
42.5,312.5,-47.5,2.472943068,0.51200676
42.5,317.5,-42.5,2.507243633,0.541566551
42.5,322.5,-37.5,2.903785229,0.575484693
42.5,327.5,-32.5,3.454320431,0.609348297
42.5,332.5,-27.5,4.031176567,0.642901599
42.5,337.5,-22.5,4.352845669,0.64317137
42.5,342.5,-17.5,4.372672081,0.626209736
42.5,347.5,-12.5,4.45049715,0.620779872
42.5,352.5,-7.5,4.585436821,0.607262075
42.5,357.5,-2.5,4.216053009,0.563915491
47.5,2.5,2.5,4.384354591,0.626907647
47.5,7.5,7.5,4.547673225,0.620731413
47.5,12.5,12.5,4.817634583,0.615323722
47.5,17.5,17.5,4.972844601,0.596605718
47.5,22.5,22.5,4.947423458,0.575879991
47.5,27.5,27.5,4.892169476,0.565368712
47.5,32.5,32.5,4.768451691,0.569278061
47.5,37.5,37.5,4.505078316,0.556590378
47.5,42.5,42.5,4.063137054,0.529540956
47.5,47.5,47.5,3.983689785,0.522991776
47.5,52.5,52.5,4.008006573,0.522544503
47.5,57.5,57.5,3.934820652,0.520974219
47.5,62.5,62.5,3.932476044,0.534566283
47.5,67.5,67.5,3.910446405,0.546386242
47.5,72.5,72.5,3.594266891,0.548002601
47.5,77.5,77.5,3.081290245,0.546545446
47.5,82.5,82.5,2.443408966,0.540436029
47.5,87.5,87.5,2.326936245,0.561065853
47.5,92.5,92.5,2.603475809,0.596289635
47.5,97.5,97.5,2.818533659,0.621147811
47.5,102.5,102.5,3.077456951,0.634263873
47.5,107.5,107.5,3.532253981,0.655192852
47.5,112.5,112.5,4.191508293,0.706790328
47.5,117.5,117.5,4.554415226,0.739710927
47.5,122.5,122.5,4.358427048,0.728661358
47.5,127.5,127.5,4.444947243,0.755225003
47.5,132.5,132.5,NaN,NaN
47.5,137.5,137.5,NaN,NaN
47.5,142.5,142.5,NaN,NaN
47.5,147.5,147.5,NaN,NaN
47.5,152.5,152.5,NaN,NaN
47.5,157.5,157.5,NaN,NaN
47.5,162.5,162.5,NaN,NaN
47.5,167.5,167.5,NaN,NaN
47.5,172.5,172.5,NaN,NaN
47.5,177.5,177.5,NaN,NaN
47.5,182.5,-177.5,NaN,NaN
47.5,187.5,-172.5,NaN,NaN
47.5,192.5,-167.5,NaN,NaN
47.5,197.5,-162.5,NaN,NaN
47.5,202.5,-157.5,NaN,NaN
47.5,207.5,-152.5,NaN,NaN
47.5,212.5,-147.5,NaN,NaN
47.5,217.5,-142.5,NaN,NaN
47.5,222.5,-137.5,NaN,NaN
47.5,227.5,-132.5,NaN,NaN
47.5,232.5,-127.5,NaN,NaN
47.5,237.5,-122.5,NaN,NaN
47.5,242.5,-117.5,NaN,NaN
47.5,247.5,-112.5,NaN,NaN
47.5,252.5,-107.5,NaN,NaN
47.5,257.5,-102.5,NaN,NaN
47.5,262.5,-97.5,NaN,NaN
47.5,267.5,-92.5,NaN,NaN
47.5,272.5,-87.5,NaN,NaN
47.5,277.5,-82.5,NaN,NaN
47.5,282.5,-77.5,4.68584919,0.522575259
47.5,287.5,-72.5,4.19831419,0.524915218
47.5,292.5,-67.5,3.739614248,0.505087197
47.5,297.5,-62.5,3.383874416,0.502768397
47.5,302.5,-57.5,2.962773561,0.507318199
47.5,307.5,-52.5,2.889329433,0.520388722
47.5,312.5,-47.5,2.939693213,0.54277122
47.5,317.5,-42.5,2.983883858,0.569590151
47.5,322.5,-37.5,3.211137056,0.602277517
47.5,327.5,-32.5,3.510632515,0.62060231
47.5,332.5,-27.5,4.002471924,0.648017108
47.5,337.5,-22.5,4.633939743,0.687426686
47.5,342.5,-17.5,4.852211475,0.699845076
47.5,347.5,-12.5,4.684521675,0.684630752
47.5,352.5,-7.5,4.798092842,0.679575205
47.5,357.5,-2.5,4.680530071,0.661842108
52.5,2.5,2.5,NaN,NaN
52.5,7.5,7.5,NaN,NaN
52.5,12.5,12.5,NaN,NaN
52.5,17.5,17.5,NaN,NaN
52.5,22.5,22.5,NaN,NaN
52.5,27.5,27.5,5.241990089,0.67711091
52.5,32.5,32.5,5.201620579,0.681457043
52.5,37.5,37.5,4.844466209,0.666237235
52.5,42.5,42.5,4.419974327,0.632127106
52.5,47.5,47.5,4.379743099,0.627082944
52.5,52.5,52.5,4.541473866,0.637771189
52.5,57.5,57.5,4.371287823,0.64349556
52.5,62.5,62.5,4.423932552,0.664109647
52.5,67.5,67.5,4.536383629,0.675037205
52.5,72.5,72.5,4.335577965,0.679597139
52.5,77.5,77.5,3.565463305,0.662013292
52.5,82.5,82.5,2.903486252,0.650896668
52.5,87.5,87.5,2.735062122,0.666070879
52.5,92.5,92.5,2.886394501,0.698178649
52.5,97.5,97.5,2.917600632,0.723990083
52.5,102.5,102.5,NaN,NaN
52.5,107.5,107.5,NaN,NaN
52.5,112.5,112.5,NaN,NaN
52.5,117.5,117.5,NaN,NaN
52.5,122.5,122.5,NaN,NaN
52.5,127.5,127.5,NaN,NaN
52.5,132.5,132.5,NaN,NaN
52.5,137.5,137.5,NaN,NaN
52.5,142.5,142.5,NaN,NaN
52.5,147.5,147.5,NaN,NaN
52.5,152.5,152.5,NaN,NaN
52.5,157.5,157.5,NaN,NaN
52.5,162.5,162.5,NaN,NaN
52.5,167.5,167.5,NaN,NaN
52.5,172.5,172.5,NaN,NaN
52.5,177.5,177.5,NaN,NaN
52.5,182.5,-177.5,NaN,NaN
52.5,187.5,-172.5,NaN,NaN
52.5,192.5,-167.5,NaN,NaN
52.5,197.5,-162.5,NaN,NaN
52.5,202.5,-157.5,NaN,NaN
52.5,207.5,-152.5,NaN,NaN
52.5,212.5,-147.5,NaN,NaN
52.5,217.5,-142.5,NaN,NaN
52.5,222.5,-137.5,NaN,NaN
52.5,227.5,-132.5,NaN,NaN
52.5,232.5,-127.5,NaN,NaN
52.5,237.5,-122.5,NaN,NaN
52.5,242.5,-117.5,NaN,NaN
52.5,247.5,-112.5,NaN,NaN
52.5,252.5,-107.5,NaN,NaN
52.5,257.5,-102.5,NaN,NaN
52.5,262.5,-97.5,NaN,NaN
52.5,267.5,-92.5,NaN,NaN
52.5,272.5,-87.5,NaN,NaN
52.5,277.5,-82.5,NaN,NaN
52.5,282.5,-77.5,NaN,NaN
52.5,287.5,-72.5,NaN,NaN
52.5,292.5,-67.5,NaN,NaN
52.5,297.5,-62.5,3.525640249,0.607411087
52.5,302.5,-57.5,3.437477827,0.629994392
52.5,307.5,-52.5,3.544116974,0.650044322
52.5,312.5,-47.5,3.636142731,0.658596754
52.5,317.5,-42.5,3.821731567,0.684179962
52.5,322.5,-37.5,3.930843353,0.711570859
52.5,327.5,-32.5,3.913389921,0.716743231
52.5,332.5,-27.5,4.264975548,0.748648345
52.5,337.5,-22.5,4.718783855,0.788356364
52.5,342.5,-17.5,5.206004143,0.8216151
52.5,347.5,-12.5,5.190270424,0.819197416
52.5,352.5,-7.5,5.095321655,0.799599469
52.5,357.5,-2.5,NaN,NaN
57.5,2.5,2.5,NaN,NaN
57.5,7.5,7.5,NaN,NaN
57.5,12.5,12.5,NaN,NaN
57.5,17.5,17.5,NaN,NaN
57.5,22.5,22.5,NaN,NaN
57.5,27.5,27.5,NaN,NaN
57.5,32.5,32.5,NaN,NaN
57.5,37.5,37.5,NaN,NaN
57.5,42.5,42.5,NaN,NaN
57.5,47.5,47.5,NaN,NaN
57.5,52.5,52.5,NaN,NaN
57.5,57.5,57.5,NaN,NaN
57.5,62.5,62.5,NaN,NaN
57.5,67.5,67.5,NaN,NaN
57.5,72.5,72.5,NaN,NaN
57.5,77.5,77.5,NaN,NaN
57.5,82.5,82.5,NaN,NaN
57.5,87.5,87.5,NaN,NaN
57.5,92.5,92.5,NaN,NaN
57.5,97.5,97.5,NaN,NaN
57.5,102.5,102.5,NaN,NaN
57.5,107.5,107.5,NaN,NaN
57.5,112.5,112.5,NaN,NaN
57.5,117.5,117.5,NaN,NaN
57.5,122.5,122.5,NaN,NaN
57.5,127.5,127.5,NaN,NaN
57.5,132.5,132.5,NaN,NaN
57.5,137.5,137.5,NaN,NaN
57.5,142.5,142.5,NaN,NaN
57.5,147.5,147.5,NaN,NaN
57.5,152.5,152.5,NaN,NaN
57.5,157.5,157.5,NaN,NaN
57.5,162.5,162.5,NaN,NaN
57.5,167.5,167.5,NaN,NaN
57.5,172.5,172.5,NaN,NaN
57.5,177.5,177.5,NaN,NaN
57.5,182.5,-177.5,NaN,NaN
57.5,187.5,-172.5,NaN,NaN
57.5,192.5,-167.5,NaN,NaN
57.5,197.5,-162.5,NaN,NaN
57.5,202.5,-157.5,NaN,NaN
57.5,207.5,-152.5,NaN,NaN
57.5,212.5,-147.5,NaN,NaN
57.5,217.5,-142.5,NaN,NaN
57.5,222.5,-137.5,NaN,NaN
57.5,227.5,-132.5,NaN,NaN
57.5,232.5,-127.5,NaN,NaN
57.5,237.5,-122.5,NaN,NaN
57.5,242.5,-117.5,NaN,NaN
57.5,247.5,-112.5,NaN,NaN
57.5,252.5,-107.5,NaN,NaN
57.5,257.5,-102.5,NaN,NaN
57.5,262.5,-97.5,NaN,NaN
57.5,267.5,-92.5,NaN,NaN
57.5,272.5,-87.5,NaN,NaN
57.5,277.5,-82.5,NaN,NaN
57.5,282.5,-77.5,NaN,NaN
57.5,287.5,-72.5,NaN,NaN
57.5,292.5,-67.5,NaN,NaN
57.5,297.5,-62.5,NaN,NaN
57.5,302.5,-57.5,NaN,NaN
57.5,307.5,-52.5,NaN,NaN
57.5,312.5,-47.5,NaN,NaN
57.5,317.5,-42.5,NaN,NaN
57.5,322.5,-37.5,NaN,NaN
57.5,327.5,-32.5,NaN,NaN
57.5,332.5,-27.5,NaN,NaN
57.5,337.5,-22.5,NaN,NaN
57.5,342.5,-17.5,NaN,NaN
57.5,347.5,-12.5,NaN,NaN
57.5,352.5,-7.5,NaN,NaN
57.5,357.5,-2.5,NaN,NaN
62.5,2.5,2.5,NaN,NaN
62.5,7.5,7.5,NaN,NaN
62.5,12.5,12.5,NaN,NaN
62.5,17.5,17.5,NaN,NaN
62.5,22.5,22.5,NaN,NaN
62.5,27.5,27.5,NaN,NaN
62.5,32.5,32.5,NaN,NaN
62.5,37.5,37.5,NaN,NaN
62.5,42.5,42.5,NaN,NaN
62.5,47.5,47.5,NaN,NaN
62.5,52.5,52.5,NaN,NaN
62.5,57.5,57.5,NaN,NaN
62.5,62.5,62.5,NaN,NaN
62.5,67.5,67.5,NaN,NaN
62.5,72.5,72.5,NaN,NaN
62.5,77.5,77.5,NaN,NaN
62.5,82.5,82.5,NaN,NaN
62.5,87.5,87.5,NaN,NaN
62.5,92.5,92.5,NaN,NaN
62.5,97.5,97.5,NaN,NaN
62.5,102.5,102.5,NaN,NaN
62.5,107.5,107.5,NaN,NaN
62.5,112.5,112.5,NaN,NaN
62.5,117.5,117.5,NaN,NaN
62.5,122.5,122.5,NaN,NaN
62.5,127.5,127.5,NaN,NaN
62.5,132.5,132.5,NaN,NaN
62.5,137.5,137.5,NaN,NaN
62.5,142.5,142.5,NaN,NaN
62.5,147.5,147.5,NaN,NaN
62.5,152.5,152.5,NaN,NaN
62.5,157.5,157.5,NaN,NaN
62.5,162.5,162.5,NaN,NaN
62.5,167.5,167.5,NaN,NaN
62.5,172.5,172.5,NaN,NaN
62.5,177.5,177.5,NaN,NaN
62.5,182.5,-177.5,NaN,NaN
62.5,187.5,-172.5,NaN,NaN
62.5,192.5,-167.5,NaN,NaN
62.5,197.5,-162.5,NaN,NaN
62.5,202.5,-157.5,NaN,NaN
62.5,207.5,-152.5,NaN,NaN
62.5,212.5,-147.5,NaN,NaN
62.5,217.5,-142.5,NaN,NaN
62.5,222.5,-137.5,NaN,NaN
62.5,227.5,-132.5,NaN,NaN
62.5,232.5,-127.5,NaN,NaN
62.5,237.5,-122.5,NaN,NaN
62.5,242.5,-117.5,NaN,NaN
62.5,247.5,-112.5,NaN,NaN
62.5,252.5,-107.5,NaN,NaN
62.5,257.5,-102.5,NaN,NaN
62.5,262.5,-97.5,NaN,NaN
62.5,267.5,-92.5,NaN,NaN
62.5,272.5,-87.5,NaN,NaN
62.5,277.5,-82.5,NaN,NaN
62.5,282.5,-77.5,NaN,NaN
62.5,287.5,-72.5,NaN,NaN
62.5,292.5,-67.5,NaN,NaN
62.5,297.5,-62.5,NaN,NaN
62.5,302.5,-57.5,NaN,NaN
62.5,307.5,-52.5,NaN,NaN
62.5,312.5,-47.5,NaN,NaN
62.5,317.5,-42.5,NaN,NaN
62.5,322.5,-37.5,NaN,NaN
62.5,327.5,-32.5,NaN,NaN
62.5,332.5,-27.5,NaN,NaN
62.5,337.5,-22.5,NaN,NaN
62.5,342.5,-17.5,NaN,NaN
62.5,347.5,-12.5,NaN,NaN
62.5,352.5,-7.5,NaN,NaN
62.5,357.5,-2.5,NaN,NaN
67.5,2.5,2.5,NaN,NaN
67.5,7.5,7.5,NaN,NaN
67.5,12.5,12.5,NaN,NaN
67.5,17.5,17.5,NaN,NaN
67.5,22.5,22.5,NaN,NaN
67.5,27.5,27.5,NaN,NaN
67.5,32.5,32.5,NaN,NaN
67.5,37.5,37.5,NaN,NaN
67.5,42.5,42.5,NaN,NaN
67.5,47.5,47.5,NaN,NaN
67.5,52.5,52.5,NaN,NaN
67.5,57.5,57.5,NaN,NaN
67.5,62.5,62.5,NaN,NaN
67.5,67.5,67.5,NaN,NaN
67.5,72.5,72.5,NaN,NaN
67.5,77.5,77.5,NaN,NaN
67.5,82.5,82.5,NaN,NaN
67.5,87.5,87.5,NaN,NaN
67.5,92.5,92.5,NaN,NaN
67.5,97.5,97.5,NaN,NaN
67.5,102.5,102.5,NaN,NaN
67.5,107.5,107.5,NaN,NaN
67.5,112.5,112.5,NaN,NaN
67.5,117.5,117.5,NaN,NaN
67.5,122.5,122.5,NaN,NaN
67.5,127.5,127.5,NaN,NaN
67.5,132.5,132.5,NaN,NaN
67.5,137.5,137.5,NaN,NaN
67.5,142.5,142.5,NaN,NaN
67.5,147.5,147.5,NaN,NaN
67.5,152.5,152.5,NaN,NaN
67.5,157.5,157.5,NaN,NaN
67.5,162.5,162.5,NaN,NaN
67.5,167.5,167.5,NaN,NaN
67.5,172.5,172.5,NaN,NaN
67.5,177.5,177.5,NaN,NaN
67.5,182.5,-177.5,NaN,NaN
67.5,187.5,-172.5,NaN,NaN
67.5,192.5,-167.5,NaN,NaN
67.5,197.5,-162.5,NaN,NaN
67.5,202.5,-157.5,NaN,NaN
67.5,207.5,-152.5,NaN,NaN
67.5,212.5,-147.5,NaN,NaN
67.5,217.5,-142.5,NaN,NaN
67.5,222.5,-137.5,NaN,NaN
67.5,227.5,-132.5,NaN,NaN
67.5,232.5,-127.5,NaN,NaN
67.5,237.5,-122.5,NaN,NaN
67.5,242.5,-117.5,NaN,NaN
67.5,247.5,-112.5,NaN,NaN
67.5,252.5,-107.5,NaN,NaN
67.5,257.5,-102.5,NaN,NaN
67.5,262.5,-97.5,NaN,NaN
67.5,267.5,-92.5,NaN,NaN
67.5,272.5,-87.5,NaN,NaN
67.5,277.5,-82.5,NaN,NaN
67.5,282.5,-77.5,NaN,NaN
67.5,287.5,-72.5,NaN,NaN
67.5,292.5,-67.5,NaN,NaN
67.5,297.5,-62.5,NaN,NaN
67.5,302.5,-57.5,NaN,NaN
67.5,307.5,-52.5,NaN,NaN
67.5,312.5,-47.5,NaN,NaN
67.5,317.5,-42.5,NaN,NaN
67.5,322.5,-37.5,NaN,NaN
67.5,327.5,-32.5,NaN,NaN
67.5,332.5,-27.5,NaN,NaN
67.5,337.5,-22.5,NaN,NaN
67.5,342.5,-17.5,NaN,NaN
67.5,347.5,-12.5,NaN,NaN
67.5,352.5,-7.5,NaN,NaN
67.5,357.5,-2.5,NaN,NaN
72.5,2.5,2.5,NaN,NaN
72.5,7.5,7.5,NaN,NaN
72.5,12.5,12.5,NaN,NaN
72.5,17.5,17.5,NaN,NaN
72.5,22.5,22.5,NaN,NaN
72.5,27.5,27.5,NaN,NaN
72.5,32.5,32.5,NaN,NaN
72.5,37.5,37.5,NaN,NaN
72.5,42.5,42.5,NaN,NaN
72.5,47.5,47.5,NaN,NaN
72.5,52.5,52.5,NaN,NaN
72.5,57.5,57.5,NaN,NaN
72.5,62.5,62.5,NaN,NaN
72.5,67.5,67.5,NaN,NaN
72.5,72.5,72.5,NaN,NaN
72.5,77.5,77.5,NaN,NaN
72.5,82.5,82.5,NaN,NaN
72.5,87.5,87.5,NaN,NaN
72.5,92.5,92.5,NaN,NaN
72.5,97.5,97.5,NaN,NaN
72.5,102.5,102.5,NaN,NaN
72.5,107.5,107.5,NaN,NaN
72.5,112.5,112.5,NaN,NaN
72.5,117.5,117.5,NaN,NaN
72.5,122.5,122.5,NaN,NaN
72.5,127.5,127.5,NaN,NaN
72.5,132.5,132.5,NaN,NaN
72.5,137.5,137.5,NaN,NaN
72.5,142.5,142.5,NaN,NaN
72.5,147.5,147.5,NaN,NaN
72.5,152.5,152.5,NaN,NaN
72.5,157.5,157.5,NaN,NaN
72.5,162.5,162.5,NaN,NaN
72.5,167.5,167.5,NaN,NaN
72.5,172.5,172.5,NaN,NaN
72.5,177.5,177.5,NaN,NaN
72.5,182.5,-177.5,NaN,NaN
72.5,187.5,-172.5,NaN,NaN
72.5,192.5,-167.5,NaN,NaN
72.5,197.5,-162.5,NaN,NaN
72.5,202.5,-157.5,NaN,NaN
72.5,207.5,-152.5,NaN,NaN
72.5,212.5,-147.5,NaN,NaN
72.5,217.5,-142.5,NaN,NaN
72.5,222.5,-137.5,NaN,NaN
72.5,227.5,-132.5,NaN,NaN
72.5,232.5,-127.5,NaN,NaN
72.5,237.5,-122.5,NaN,NaN
72.5,242.5,-117.5,NaN,NaN
72.5,247.5,-112.5,NaN,NaN
72.5,252.5,-107.5,NaN,NaN
72.5,257.5,-102.5,NaN,NaN
72.5,262.5,-97.5,NaN,NaN
72.5,267.5,-92.5,NaN,NaN
72.5,272.5,-87.5,NaN,NaN
72.5,277.5,-82.5,NaN,NaN
72.5,282.5,-77.5,NaN,NaN
72.5,287.5,-72.5,NaN,NaN
72.5,292.5,-67.5,NaN,NaN
72.5,297.5,-62.5,NaN,NaN
72.5,302.5,-57.5,NaN,NaN
72.5,307.5,-52.5,NaN,NaN
72.5,312.5,-47.5,NaN,NaN
72.5,317.5,-42.5,NaN,NaN
72.5,322.5,-37.5,NaN,NaN
72.5,327.5,-32.5,NaN,NaN
72.5,332.5,-27.5,NaN,NaN
72.5,337.5,-22.5,NaN,NaN
72.5,342.5,-17.5,NaN,NaN
72.5,347.5,-12.5,NaN,NaN
72.5,352.5,-7.5,NaN,NaN
72.5,357.5,-2.5,NaN,NaN
77.5,2.5,2.5,NaN,NaN
77.5,7.5,7.5,NaN,NaN
77.5,12.5,12.5,NaN,NaN
77.5,17.5,17.5,NaN,NaN
77.5,22.5,22.5,NaN,NaN
77.5,27.5,27.5,NaN,NaN
77.5,32.5,32.5,NaN,NaN
77.5,37.5,37.5,NaN,NaN
77.5,42.5,42.5,NaN,NaN
77.5,47.5,47.5,NaN,NaN
77.5,52.5,52.5,NaN,NaN
77.5,57.5,57.5,NaN,NaN
77.5,62.5,62.5,NaN,NaN
77.5,67.5,67.5,NaN,NaN
77.5,72.5,72.5,NaN,NaN
77.5,77.5,77.5,NaN,NaN
77.5,82.5,82.5,NaN,NaN
77.5,87.5,87.5,NaN,NaN
77.5,92.5,92.5,NaN,NaN
77.5,97.5,97.5,NaN,NaN
77.5,102.5,102.5,NaN,NaN
77.5,107.5,107.5,NaN,NaN
77.5,112.5,112.5,NaN,NaN
77.5,117.5,117.5,NaN,NaN
77.5,122.5,122.5,NaN,NaN
77.5,127.5,127.5,NaN,NaN
77.5,132.5,132.5,NaN,NaN
77.5,137.5,137.5,NaN,NaN
77.5,142.5,142.5,NaN,NaN
77.5,147.5,147.5,NaN,NaN
77.5,152.5,152.5,NaN,NaN
77.5,157.5,157.5,NaN,NaN
77.5,162.5,162.5,NaN,NaN
77.5,167.5,167.5,NaN,NaN
77.5,172.5,172.5,NaN,NaN
77.5,177.5,177.5,NaN,NaN
77.5,182.5,-177.5,NaN,NaN
77.5,187.5,-172.5,NaN,NaN
77.5,192.5,-167.5,NaN,NaN
77.5,197.5,-162.5,NaN,NaN
77.5,202.5,-157.5,NaN,NaN
77.5,207.5,-152.5,NaN,NaN
77.5,212.5,-147.5,NaN,NaN
77.5,217.5,-142.5,NaN,NaN
77.5,222.5,-137.5,NaN,NaN
77.5,227.5,-132.5,NaN,NaN
77.5,232.5,-127.5,NaN,NaN
77.5,237.5,-122.5,NaN,NaN
77.5,242.5,-117.5,NaN,NaN
77.5,247.5,-112.5,NaN,NaN
77.5,252.5,-107.5,NaN,NaN
77.5,257.5,-102.5,NaN,NaN
77.5,262.5,-97.5,NaN,NaN
77.5,267.5,-92.5,NaN,NaN
77.5,272.5,-87.5,NaN,NaN
77.5,277.5,-82.5,NaN,NaN
77.5,282.5,-77.5,NaN,NaN
77.5,287.5,-72.5,NaN,NaN
77.5,292.5,-67.5,NaN,NaN
77.5,297.5,-62.5,NaN,NaN
77.5,302.5,-57.5,NaN,NaN
77.5,307.5,-52.5,NaN,NaN
77.5,312.5,-47.5,NaN,NaN
77.5,317.5,-42.5,NaN,NaN
77.5,322.5,-37.5,NaN,NaN
77.5,327.5,-32.5,NaN,NaN
77.5,332.5,-27.5,NaN,NaN
77.5,337.5,-22.5,NaN,NaN
77.5,342.5,-17.5,NaN,NaN
77.5,347.5,-12.5,NaN,NaN
77.5,352.5,-7.5,NaN,NaN
77.5,357.5,-2.5,NaN,NaN
82.5,2.5,2.5,NaN,NaN
82.5,7.5,7.5,NaN,NaN
82.5,12.5,12.5,NaN,NaN
82.5,17.5,17.5,NaN,NaN
82.5,22.5,22.5,NaN,NaN
82.5,27.5,27.5,NaN,NaN
82.5,32.5,32.5,NaN,NaN
82.5,37.5,37.5,NaN,NaN
82.5,42.5,42.5,NaN,NaN
82.5,47.5,47.5,NaN,NaN
82.5,52.5,52.5,NaN,NaN
82.5,57.5,57.5,NaN,NaN
82.5,62.5,62.5,NaN,NaN
82.5,67.5,67.5,NaN,NaN
82.5,72.5,72.5,NaN,NaN
82.5,77.5,77.5,NaN,NaN
82.5,82.5,82.5,NaN,NaN
82.5,87.5,87.5,NaN,NaN
82.5,92.5,92.5,NaN,NaN
82.5,97.5,97.5,NaN,NaN
82.5,102.5,102.5,NaN,NaN
82.5,107.5,107.5,NaN,NaN
82.5,112.5,112.5,NaN,NaN
82.5,117.5,117.5,NaN,NaN
82.5,122.5,122.5,NaN,NaN
82.5,127.5,127.5,NaN,NaN
82.5,132.5,132.5,NaN,NaN
82.5,137.5,137.5,NaN,NaN
82.5,142.5,142.5,NaN,NaN
82.5,147.5,147.5,NaN,NaN
82.5,152.5,152.5,NaN,NaN
82.5,157.5,157.5,NaN,NaN
82.5,162.5,162.5,NaN,NaN
82.5,167.5,167.5,NaN,NaN
82.5,172.5,172.5,NaN,NaN
82.5,177.5,177.5,NaN,NaN
82.5,182.5,-177.5,NaN,NaN
82.5,187.5,-172.5,NaN,NaN
82.5,192.5,-167.5,NaN,NaN
82.5,197.5,-162.5,NaN,NaN
82.5,202.5,-157.5,NaN,NaN
82.5,207.5,-152.5,NaN,NaN
82.5,212.5,-147.5,NaN,NaN
82.5,217.5,-142.5,NaN,NaN
82.5,222.5,-137.5,NaN,NaN
82.5,227.5,-132.5,NaN,NaN
82.5,232.5,-127.5,NaN,NaN
82.5,237.5,-122.5,NaN,NaN
82.5,242.5,-117.5,NaN,NaN
82.5,247.5,-112.5,NaN,NaN
82.5,252.5,-107.5,NaN,NaN
82.5,257.5,-102.5,NaN,NaN
82.5,262.5,-97.5,NaN,NaN
82.5,267.5,-92.5,NaN,NaN
82.5,272.5,-87.5,NaN,NaN
82.5,277.5,-82.5,NaN,NaN
82.5,282.5,-77.5,NaN,NaN
82.5,287.5,-72.5,NaN,NaN
82.5,292.5,-67.5,NaN,NaN
82.5,297.5,-62.5,NaN,NaN
82.5,302.5,-57.5,NaN,NaN
82.5,307.5,-52.5,NaN,NaN
82.5,312.5,-47.5,NaN,NaN
82.5,317.5,-42.5,NaN,NaN
82.5,322.5,-37.5,NaN,NaN
82.5,327.5,-32.5,NaN,NaN
82.5,332.5,-27.5,NaN,NaN
82.5,337.5,-22.5,NaN,NaN
82.5,342.5,-17.5,NaN,NaN
82.5,347.5,-12.5,NaN,NaN
82.5,352.5,-7.5,NaN,NaN
82.5,357.5,-2.5,NaN,NaN
87.5,2.5,2.5,NaN,NaN
87.5,7.5,7.5,NaN,NaN
87.5,12.5,12.5,NaN,NaN
87.5,17.5,17.5,NaN,NaN
87.5,22.5,22.5,NaN,NaN
87.5,27.5,27.5,NaN,NaN
87.5,32.5,32.5,NaN,NaN
87.5,37.5,37.5,NaN,NaN
87.5,42.5,42.5,NaN,NaN
87.5,47.5,47.5,NaN,NaN
87.5,52.5,52.5,NaN,NaN
87.5,57.5,57.5,NaN,NaN
87.5,62.5,62.5,NaN,NaN
87.5,67.5,67.5,NaN,NaN
87.5,72.5,72.5,NaN,NaN
87.5,77.5,77.5,NaN,NaN
87.5,82.5,82.5,NaN,NaN
87.5,87.5,87.5,NaN,NaN
87.5,92.5,92.5,NaN,NaN
87.5,97.5,97.5,NaN,NaN
87.5,102.5,102.5,NaN,NaN
87.5,107.5,107.5,NaN,NaN
87.5,112.5,112.5,NaN,NaN
87.5,117.5,117.5,NaN,NaN
87.5,122.5,122.5,NaN,NaN
87.5,127.5,127.5,NaN,NaN
87.5,132.5,132.5,NaN,NaN
87.5,137.5,137.5,NaN,NaN
87.5,142.5,142.5,NaN,NaN
87.5,147.5,147.5,NaN,NaN
87.5,152.5,152.5,NaN,NaN
87.5,157.5,157.5,NaN,NaN
87.5,162.5,162.5,NaN,NaN
87.5,167.5,167.5,NaN,NaN
87.5,172.5,172.5,NaN,NaN
87.5,177.5,177.5,NaN,NaN
87.5,182.5,-177.5,NaN,NaN
87.5,187.5,-172.5,NaN,NaN
87.5,192.5,-167.5,NaN,NaN
87.5,197.5,-162.5,NaN,NaN
87.5,202.5,-157.5,NaN,NaN
87.5,207.5,-152.5,NaN,NaN
87.5,212.5,-147.5,NaN,NaN
87.5,217.5,-142.5,NaN,NaN
87.5,222.5,-137.5,NaN,NaN
87.5,227.5,-132.5,NaN,NaN
87.5,232.5,-127.5,NaN,NaN
87.5,237.5,-122.5,NaN,NaN
87.5,242.5,-117.5,NaN,NaN
87.5,247.5,-112.5,NaN,NaN
87.5,252.5,-107.5,NaN,NaN
87.5,257.5,-102.5,NaN,NaN
87.5,262.5,-97.5,NaN,NaN
87.5,267.5,-92.5,NaN,NaN
87.5,272.5,-87.5,NaN,NaN
87.5,277.5,-82.5,NaN,NaN
87.5,282.5,-77.5,NaN,NaN
87.5,287.5,-72.5,NaN,NaN
87.5,292.5,-67.5,NaN,NaN
87.5,297.5,-62.5,NaN,NaN
87.5,302.5,-57.5,NaN,NaN
87.5,307.5,-52.5,NaN,NaN
87.5,312.5,-47.5,NaN,NaN
87.5,317.5,-42.5,NaN,NaN
87.5,322.5,-37.5,NaN,NaN
87.5,327.5,-32.5,NaN,NaN
87.5,332.5,-27.5,NaN,NaN
87.5,337.5,-22.5,NaN,NaN
87.5,342.5,-17.5,NaN,NaN
87.5,347.5,-12.5,NaN,NaN
87.5,352.5,-7.5,NaN,NaN
87.5,357.5,-2.5,NaN,NaN
