CenterLat,CenterLon,lon_180,Concentration,Sigma
-87.5,2.5,2.5,NaN,NaN
-87.5,7.5,7.5,NaN,NaN
-87.5,12.5,12.5,NaN,NaN
-87.5,17.5,17.5,NaN,NaN
-87.5,22.5,22.5,NaN,NaN
-87.5,27.5,27.5,NaN,NaN
-87.5,32.5,32.5,NaN,NaN
-87.5,37.5,37.5,NaN,NaN
-87.5,42.5,42.5,NaN,NaN
-87.5,47.5,47.5,NaN,NaN
-87.5,52.5,52.5,NaN,NaN
-87.5,57.5,57.5,NaN,NaN
-87.5,62.5,62.5,NaN,NaN
-87.5,67.5,67.5,NaN,NaN
-87.5,72.5,72.5,NaN,NaN
-87.5,77.5,77.5,NaN,NaN
-87.5,82.5,82.5,NaN,NaN
-87.5,87.5,87.5,NaN,NaN
-87.5,92.5,92.5,NaN,NaN
-87.5,97.5,97.5,NaN,NaN
-87.5,102.5,102.5,NaN,NaN
-87.5,107.5,107.5,NaN,NaN
-87.5,112.5,112.5,NaN,NaN
-87.5,117.5,117.5,NaN,NaN
-87.5,122.5,122.5,NaN,NaN
-87.5,127.5,127.5,NaN,NaN
-87.5,132.5,132.5,NaN,NaN
-87.5,137.5,137.5,NaN,NaN
-87.5,142.5,142.5,NaN,NaN
-87.5,147.5,147.5,NaN,NaN
-87.5,152.5,152.5,NaN,NaN
-87.5,157.5,157.5,NaN,NaN
-87.5,162.5,162.5,NaN,NaN
-87.5,167.5,167.5,NaN,NaN
-87.5,172.5,172.5,NaN,NaN
-87.5,177.5,177.5,NaN,NaN
-87.5,182.5,-177.5,NaN,NaN
-87.5,187.5,-172.5,NaN,NaN
-87.5,192.5,-167.5,NaN,NaN
-87.5,197.5,-162.5,NaN,NaN
-87.5,202.5,-157.5,NaN,NaN
-87.5,207.5,-152.5,NaN,NaN
-87.5,212.5,-147.5,NaN,NaN
-87.5,217.5,-142.5,NaN,NaN
-87.5,222.5,-137.5,NaN,NaN
-87.5,227.5,-132.5,NaN,NaN
-87.5,232.5,-127.5,NaN,NaN
-87.5,237.5,-122.5,NaN,NaN
-87.5,242.5,-117.5,NaN,NaN
-87.5,247.5,-112.5,NaN,NaN
-87.5,252.5,-107.5,NaN,NaN
-87.5,257.5,-102.5,NaN,NaN
-87.5,262.5,-97.5,NaN,NaN
-87.5,267.5,-92.5,NaN,NaN
-87.5,272.5,-87.5,NaN,NaN
-87.5,277.5,-82.5,NaN,NaN
-87.5,282.5,-77.5,NaN,NaN
-87.5,287.5,-72.5,NaN,NaN
-87.5,292.5,-67.5,NaN,NaN
-87.5,297.5,-62.5,NaN,NaN
-87.5,302.5,-57.5,NaN,NaN
-87.5,307.5,-52.5,NaN,NaN
-87.5,312.5,-47.5,NaN,NaN
-87.5,317.5,-42.5,NaN,NaN
-87.5,322.5,-37.5,NaN,NaN
-87.5,327.5,-32.5,NaN,NaN
-87.5,332.5,-27.5,NaN,NaN
-87.5,337.5,-22.5,NaN,NaN
-87.5,342.5,-17.5,NaN,NaN
-87.5,347.5,-12.5,NaN,NaN
-87.5,352.5,-7.5,NaN,NaN
-87.5,357.5,-2.5,NaN,NaN
-82.5,2.5,2.5,NaN,NaN
-82.5,7.5,7.5,NaN,NaN
-82.5,12.5,12.5,NaN,NaN
-82.5,17.5,17.5,NaN,NaN
-82.5,22.5,22.5,NaN,NaN
-82.5,27.5,27.5,NaN,NaN
-82.5,32.5,32.5,NaN,NaN
-82.5,37.5,37.5,NaN,NaN
-82.5,42.5,42.5,NaN,NaN
-82.5,47.5,47.5,NaN,NaN
-82.5,52.5,52.5,NaN,NaN
-82.5,57.5,57.5,NaN,NaN
-82.5,62.5,62.5,NaN,NaN
-82.5,67.5,67.5,NaN,NaN
-82.5,72.5,72.5,NaN,NaN
-82.5,77.5,77.5,NaN,NaN
-82.5,82.5,82.5,NaN,NaN
-82.5,87.5,87.5,NaN,NaN
-82.5,92.5,92.5,NaN,NaN
-82.5,97.5,97.5,NaN,NaN
-82.5,102.5,102.5,NaN,NaN
-82.5,107.5,107.5,NaN,NaN
-82.5,112.5,112.5,NaN,NaN
-82.5,117.5,117.5,NaN,NaN
-82.5,122.5,122.5,NaN,NaN
-82.5,127.5,127.5,NaN,NaN
-82.5,132.5,132.5,NaN,NaN
-82.5,137.5,137.5,NaN,NaN
-82.5,142.5,142.5,NaN,NaN
-82.5,147.5,147.5,NaN,NaN
-82.5,152.5,152.5,NaN,NaN
-82.5,157.5,157.5,NaN,NaN
-82.5,162.5,162.5,NaN,NaN
-82.5,167.5,167.5,NaN,NaN
-82.5,172.5,172.5,NaN,NaN
-82.5,177.5,177.5,NaN,NaN
-82.5,182.5,-177.5,NaN,NaN
-82.5,187.5,-172.5,NaN,NaN
-82.5,192.5,-167.5,NaN,NaN
-82.5,197.5,-162.5,NaN,NaN
-82.5,202.5,-157.5,NaN,NaN
-82.5,207.5,-152.5,NaN,NaN
-82.5,212.5,-147.5,NaN,NaN
-82.5,217.5,-142.5,NaN,NaN
-82.5,222.5,-137.5,NaN,NaN
-82.5,227.5,-132.5,NaN,NaN
-82.5,232.5,-127.5,NaN,NaN
-82.5,237.5,-122.5,NaN,NaN
-82.5,242.5,-117.5,NaN,NaN
-82.5,247.5,-112.5,NaN,NaN
-82.5,252.5,-107.5,NaN,NaN
-82.5,257.5,-102.5,NaN,NaN
-82.5,262.5,-97.5,NaN,NaN
-82.5,267.5,-92.5,NaN,NaN
-82.5,272.5,-87.5,NaN,NaN
-82.5,277.5,-82.5,NaN,NaN
-82.5,282.5,-77.5,NaN,NaN
-82.5,287.5,-72.5,NaN,NaN
-82.5,292.5,-67.5,NaN,NaN
-82.5,297.5,-62.5,NaN,NaN
-82.5,302.5,-57.5,NaN,NaN
-82.5,307.5,-52.5,NaN,NaN
-82.5,312.5,-47.5,NaN,NaN
-82.5,317.5,-42.5,NaN,NaN
-82.5,322.5,-37.5,NaN,NaN
-82.5,327.5,-32.5,NaN,NaN
-82.5,332.5,-27.5,NaN,NaN
-82.5,337.5,-22.5,NaN,NaN
-82.5,342.5,-17.5,NaN,NaN
-82.5,347.5,-12.5,NaN,NaN
-82.5,352.5,-7.5,NaN,NaN
-82.5,357.5,-2.5,NaN,NaN
-77.5,2.5,2.5,NaN,NaN
-77.5,7.5,7.5,NaN,NaN
-77.5,12.5,12.5,NaN,NaN
-77.5,17.5,17.5,NaN,NaN
-77.5,22.5,22.5,NaN,NaN
-77.5,27.5,27.5,NaN,NaN
-77.5,32.5,32.5,NaN,NaN
-77.5,37.5,37.5,NaN,NaN
-77.5,42.5,42.5,NaN,NaN
-77.5,47.5,47.5,NaN,NaN
-77.5,52.5,52.5,NaN,NaN
-77.5,57.5,57.5,NaN,NaN
-77.5,62.5,62.5,NaN,NaN
-77.5,67.5,67.5,NaN,NaN
-77.5,72.5,72.5,NaN,NaN
-77.5,77.5,77.5,NaN,NaN
-77.5,82.5,82.5,NaN,NaN
-77.5,87.5,87.5,NaN,NaN
-77.5,92.5,92.5,NaN,NaN
-77.5,97.5,97.5,NaN,NaN
-77.5,102.5,102.5,NaN,NaN
-77.5,107.5,107.5,NaN,NaN
-77.5,112.5,112.5,NaN,NaN
-77.5,117.5,117.5,NaN,NaN
-77.5,122.5,122.5,NaN,NaN
-77.5,127.5,127.5,NaN,NaN
-77.5,132.5,132.5,NaN,NaN
-77.5,137.5,137.5,NaN,NaN
-77.5,142.5,142.5,NaN,NaN
-77.5,147.5,147.5,NaN,NaN
-77.5,152.5,152.5,NaN,NaN
-77.5,157.5,157.5,NaN,NaN
-77.5,162.5,162.5,NaN,NaN
-77.5,167.5,167.5,NaN,NaN
-77.5,172.5,172.5,NaN,NaN
-77.5,177.5,177.5,NaN,NaN
-77.5,182.5,-177.5,NaN,NaN
-77.5,187.5,-172.5,NaN,NaN
-77.5,192.5,-167.5,NaN,NaN
-77.5,197.5,-162.5,NaN,NaN
-77.5,202.5,-157.5,NaN,NaN
-77.5,207.5,-152.5,NaN,NaN
-77.5,212.5,-147.5,NaN,NaN
-77.5,217.5,-142.5,NaN,NaN
-77.5,222.5,-137.5,NaN,NaN
-77.5,227.5,-132.5,NaN,NaN
-77.5,232.5,-127.5,NaN,NaN
-77.5,237.5,-122.5,NaN,NaN
-77.5,242.5,-117.5,NaN,NaN
-77.5,247.5,-112.5,NaN,NaN
-77.5,252.5,-107.5,NaN,NaN
-77.5,257.5,-102.5,NaN,NaN
-77.5,262.5,-97.5,NaN,NaN
-77.5,267.5,-92.5,NaN,NaN
-77.5,272.5,-87.5,NaN,NaN
-77.5,277.5,-82.5,NaN,NaN
-77.5,282.5,-77.5,NaN,NaN
-77.5,287.5,-72.5,NaN,NaN
-77.5,292.5,-67.5,NaN,NaN
-77.5,297.5,-62.5,NaN,NaN
-77.5,302.5,-57.5,NaN,NaN
-77.5,307.5,-52.5,NaN,NaN
-77.5,312.5,-47.5,NaN,NaN
-77.5,317.5,-42.5,NaN,NaN
-77.5,322.5,-37.5,NaN,NaN
-77.5,327.5,-32.5,NaN,NaN
-77.5,332.5,-27.5,NaN,NaN
-77.5,337.5,-22.5,NaN,NaN
-77.5,342.5,-17.5,NaN,NaN
-77.5,347.5,-12.5,NaN,NaN
-77.5,352.5,-7.5,NaN,NaN
-77.5,357.5,-2.5,NaN,NaN
-72.5,2.5,2.5,NaN,NaN
-72.5,7.5,7.5,NaN,NaN
-72.5,12.5,12.5,NaN,NaN
-72.5,17.5,17.5,NaN,NaN
-72.5,22.5,22.5,NaN,NaN
-72.5,27.5,27.5,NaN,NaN
-72.5,32.5,32.5,NaN,NaN
-72.5,37.5,37.5,NaN,NaN
-72.5,42.5,42.5,NaN,NaN
-72.5,47.5,47.5,NaN,NaN
-72.5,52.5,52.5,NaN,NaN
-72.5,57.5,57.5,NaN,NaN
-72.5,62.5,62.5,NaN,NaN
-72.5,67.5,67.5,NaN,NaN
-72.5,72.5,72.5,NaN,NaN
-72.5,77.5,77.5,NaN,NaN
-72.5,82.5,82.5,NaN,NaN
-72.5,87.5,87.5,NaN,NaN
-72.5,92.5,92.5,NaN,NaN
-72.5,97.5,97.5,NaN,NaN
-72.5,102.5,102.5,NaN,NaN
-72.5,107.5,107.5,NaN,NaN
-72.5,112.5,112.5,NaN,NaN
-72.5,117.5,117.5,NaN,NaN
-72.5,122.5,122.5,NaN,NaN
-72.5,127.5,127.5,NaN,NaN
-72.5,132.5,132.5,NaN,NaN
-72.5,137.5,137.5,NaN,NaN
-72.5,142.5,142.5,NaN,NaN
-72.5,147.5,147.5,NaN,NaN
-72.5,152.5,152.5,NaN,NaN
-72.5,157.5,157.5,NaN,NaN
-72.5,162.5,162.5,NaN,NaN
-72.5,167.5,167.5,NaN,NaN
-72.5,172.5,172.5,NaN,NaN
-72.5,177.5,177.5,NaN,NaN
-72.5,182.5,-177.5,NaN,NaN
-72.5,187.5,-172.5,NaN,NaN
-72.5,192.5,-167.5,NaN,NaN
-72.5,197.5,-162.5,NaN,NaN
-72.5,202.5,-157.5,NaN,NaN
-72.5,207.5,-152.5,NaN,NaN
-72.5,212.5,-147.5,NaN,NaN
-72.5,217.5,-142.5,NaN,NaN
-72.5,222.5,-137.5,NaN,NaN
-72.5,227.5,-132.5,NaN,NaN
-72.5,232.5,-127.5,NaN,NaN
-72.5,237.5,-122.5,NaN,NaN
-72.5,242.5,-117.5,NaN,NaN
-72.5,247.5,-112.5,NaN,NaN
-72.5,252.5,-107.5,NaN,NaN
-72.5,257.5,-102.5,NaN,NaN
-72.5,262.5,-97.5,NaN,NaN
-72.5,267.5,-92.5,NaN,NaN
-72.5,272.5,-87.5,NaN,NaN
-72.5,277.5,-82.5,NaN,NaN
-72.5,282.5,-77.5,NaN,NaN
-72.5,287.5,-72.5,NaN,NaN
-72.5,292.5,-67.5,NaN,NaN
-72.5,297.5,-62.5,NaN,NaN
-72.5,302.5,-57.5,NaN,NaN
-72.5,307.5,-52.5,NaN,NaN
-72.5,312.5,-47.5,NaN,NaN
-72.5,317.5,-42.5,NaN,NaN
-72.5,322.5,-37.5,NaN,NaN
-72.5,327.5,-32.5,NaN,NaN
-72.5,332.5,-27.5,NaN,NaN
-72.5,337.5,-22.5,NaN,NaN
-72.5,342.5,-17.5,NaN,NaN
-72.5,347.5,-12.5,NaN,NaN
-72.5,352.5,-7.5,NaN,NaN
-72.5,357.5,-2.5,NaN,NaN
-67.5,2.5,2.5,NaN,NaN
-67.5,7.5,7.5,NaN,NaN
-67.5,12.5,12.5,NaN,NaN
-67.5,17.5,17.5,NaN,NaN
-67.5,22.5,22.5,NaN,NaN
-67.5,27.5,27.5,NaN,NaN
-67.5,32.5,32.5,NaN,NaN
-67.5,37.5,37.5,NaN,NaN
-67.5,42.5,42.5,NaN,NaN
-67.5,47.5,47.5,NaN,NaN
-67.5,52.5,52.5,NaN,NaN
-67.5,57.5,57.5,NaN,NaN
-67.5,62.5,62.5,NaN,NaN
-67.5,67.5,67.5,NaN,NaN
-67.5,72.5,72.5,NaN,NaN
-67.5,77.5,77.5,NaN,NaN
-67.5,82.5,82.5,NaN,NaN
-67.5,87.5,87.5,NaN,NaN
-67.5,92.5,92.5,NaN,NaN
-67.5,97.5,97.5,NaN,NaN
-67.5,102.5,102.5,NaN,NaN
-67.5,107.5,107.5,NaN,NaN
-67.5,112.5,112.5,NaN,NaN
-67.5,117.5,117.5,NaN,NaN
-67.5,122.5,122.5,NaN,NaN
-67.5,127.5,127.5,NaN,NaN
-67.5,132.5,132.5,NaN,NaN
-67.5,137.5,137.5,NaN,NaN
-67.5,142.5,142.5,NaN,NaN
-67.5,147.5,147.5,NaN,NaN
-67.5,152.5,152.5,NaN,NaN
-67.5,157.5,157.5,NaN,NaN
-67.5,162.5,162.5,NaN,NaN
-67.5,167.5,167.5,NaN,NaN
-67.5,172.5,172.5,NaN,NaN
-67.5,177.5,177.5,NaN,NaN
-67.5,182.5,-177.5,NaN,NaN
-67.5,187.5,-172.5,NaN,NaN
-67.5,192.5,-167.5,NaN,NaN
-67.5,197.5,-162.5,NaN,NaN
-67.5,202.5,-157.5,NaN,NaN
-67.5,207.5,-152.5,NaN,NaN
-67.5,212.5,-147.5,NaN,NaN
-67.5,217.5,-142.5,NaN,NaN
-67.5,222.5,-137.5,NaN,NaN
-67.5,227.5,-132.5,NaN,NaN
-67.5,232.5,-127.5,NaN,NaN
-67.5,237.5,-122.5,NaN,NaN
-67.5,242.5,-117.5,NaN,NaN
-67.5,247.5,-112.5,NaN,NaN
-67.5,252.5,-107.5,NaN,NaN
-67.5,257.5,-102.5,NaN,NaN
-67.5,262.5,-97.5,NaN,NaN
-67.5,267.5,-92.5,NaN,NaN
-67.5,272.5,-87.5,NaN,NaN
-67.5,277.5,-82.5,NaN,NaN
-67.5,282.5,-77.5,NaN,NaN
-67.5,287.5,-72.5,NaN,NaN
-67.5,292.5,-67.5,NaN,NaN
-67.5,297.5,-62.5,NaN,NaN
-67.5,302.5,-57.5,NaN,NaN
-67.5,307.5,-52.5,NaN,NaN
-67.5,312.5,-47.5,NaN,NaN
-67.5,317.5,-42.5,NaN,NaN
-67.5,322.5,-37.5,NaN,NaN
-67.5,327.5,-32.5,NaN,NaN
-67.5,332.5,-27.5,NaN,NaN
-67.5,337.5,-22.5,NaN,NaN
-67.5,342.5,-17.5,NaN,NaN
-67.5,347.5,-12.5,NaN,NaN
-67.5,352.5,-7.5,NaN,NaN
-67.5,357.5,-2.5,NaN,NaN
-62.5,2.5,2.5,NaN,NaN
-62.5,7.5,7.5,NaN,NaN
-62.5,12.5,12.5,NaN,NaN
-62.5,17.5,17.5,NaN,NaN
-62.5,22.5,22.5,NaN,NaN
-62.5,27.5,27.5,NaN,NaN
-62.5,32.5,32.5,NaN,NaN
-62.5,37.5,37.5,NaN,NaN
-62.5,42.5,42.5,NaN,NaN
-62.5,47.5,47.5,NaN,NaN
-62.5,52.5,52.5,NaN,NaN
-62.5,57.5,57.5,NaN,NaN
-62.5,62.5,62.5,NaN,NaN
-62.5,67.5,67.5,NaN,NaN
-62.5,72.5,72.5,NaN,NaN
-62.5,77.5,77.5,NaN,NaN
-62.5,82.5,82.5,NaN,NaN
-62.5,87.5,87.5,NaN,NaN
-62.5,92.5,92.5,NaN,NaN
-62.5,97.5,97.5,NaN,NaN
-62.5,102.5,102.5,NaN,NaN
-62.5,107.5,107.5,NaN,NaN
-62.5,112.5,112.5,NaN,NaN
-62.5,117.5,117.5,NaN,NaN
-62.5,122.5,122.5,NaN,NaN
-62.5,127.5,127.5,NaN,NaN
-62.5,132.5,132.5,NaN,NaN
-62.5,137.5,137.5,NaN,NaN
-62.5,142.5,142.5,NaN,NaN
-62.5,147.5,147.5,NaN,NaN
-62.5,152.5,152.5,NaN,NaN
-62.5,157.5,157.5,NaN,NaN
-62.5,162.5,162.5,NaN,NaN
-62.5,167.5,167.5,NaN,NaN
-62.5,172.5,172.5,NaN,NaN
-62.5,177.5,177.5,NaN,NaN
-62.5,182.5,-177.5,NaN,NaN
-62.5,187.5,-172.5,NaN,NaN
-62.5,192.5,-167.5,NaN,NaN
-62.5,197.5,-162.5,NaN,NaN
-62.5,202.5,-157.5,NaN,NaN
-62.5,207.5,-152.5,NaN,NaN
-62.5,212.5,-147.5,NaN,NaN
-62.5,217.5,-142.5,NaN,NaN
-62.5,222.5,-137.5,NaN,NaN
-62.5,227.5,-132.5,NaN,NaN
-62.5,232.5,-127.5,NaN,NaN
-62.5,237.5,-122.5,NaN,NaN
-62.5,242.5,-117.5,NaN,NaN
-62.5,247.5,-112.5,NaN,NaN
-62.5,252.5,-107.5,NaN,NaN
-62.5,257.5,-102.5,NaN,NaN
-62.5,262.5,-97.5,NaN,NaN
-62.5,267.5,-92.5,NaN,NaN
-62.5,272.5,-87.5,NaN,NaN
-62.5,277.5,-82.5,NaN,NaN
-62.5,282.5,-77.5,NaN,NaN
-62.5,287.5,-72.5,NaN,NaN
-62.5,292.5,-67.5,NaN,NaN
-62.5,297.5,-62.5,NaN,NaN
-62.5,302.5,-57.5,NaN,NaN
-62.5,307.5,-52.5,NaN,NaN
-62.5,312.5,-47.5,NaN,NaN
-62.5,317.5,-42.5,NaN,NaN
-62.5,322.5,-37.5,NaN,NaN
-62.5,327.5,-32.5,NaN,NaN
-62.5,332.5,-27.5,NaN,NaN
-62.5,337.5,-22.5,NaN,NaN
-62.5,342.5,-17.5,NaN,NaN
-62.5,347.5,-12.5,NaN,NaN
-62.5,352.5,-7.5,NaN,NaN
-62.5,357.5,-2.5,NaN,NaN
-57.5,2.5,2.5,NaN,NaN
-57.5,7.5,7.5,NaN,NaN
-57.5,12.5,12.5,NaN,NaN
-57.5,17.5,17.5,NaN,NaN
-57.5,22.5,22.5,NaN,NaN
-57.5,27.5,27.5,NaN,NaN
-57.5,32.5,32.5,NaN,NaN
-57.5,37.5,37.5,NaN,NaN
-57.5,42.5,42.5,NaN,NaN
-57.5,47.5,47.5,NaN,NaN
-57.5,52.5,52.5,NaN,NaN
-57.5,57.5,57.5,NaN,NaN
-57.5,62.5,62.5,NaN,NaN
-57.5,67.5,67.5,NaN,NaN
-57.5,72.5,72.5,NaN,NaN
-57.5,77.5,77.5,NaN,NaN
-57.5,82.5,82.5,NaN,NaN
-57.5,87.5,87.5,NaN,NaN
-57.5,92.5,92.5,NaN,NaN
-57.5,97.5,97.5,NaN,NaN
-57.5,102.5,102.5,NaN,NaN
-57.5,107.5,107.5,NaN,NaN
-57.5,112.5,112.5,NaN,NaN
-57.5,117.5,117.5,NaN,NaN
-57.5,122.5,122.5,NaN,NaN
-57.5,127.5,127.5,NaN,NaN
-57.5,132.5,132.5,NaN,NaN
-57.5,137.5,137.5,NaN,NaN
-57.5,142.5,142.5,NaN,NaN
-57.5,147.5,147.5,NaN,NaN
-57.5,152.5,152.5,NaN,NaN
-57.5,157.5,157.5,NaN,NaN
-57.5,162.5,162.5,NaN,NaN
-57.5,167.5,167.5,NaN,NaN
-57.5,172.5,172.5,NaN,NaN
-57.5,177.5,177.5,NaN,NaN
-57.5,182.5,-177.5,NaN,NaN
-57.5,187.5,-172.5,NaN,NaN
-57.5,192.5,-167.5,NaN,NaN
-57.5,197.5,-162.5,NaN,NaN
-57.5,202.5,-157.5,NaN,NaN
-57.5,207.5,-152.5,NaN,NaN
-57.5,212.5,-147.5,NaN,NaN
-57.5,217.5,-142.5,NaN,NaN
-57.5,222.5,-137.5,NaN,NaN
-57.5,227.5,-132.5,NaN,NaN
-57.5,232.5,-127.5,NaN,NaN
-57.5,237.5,-122.5,NaN,NaN
-57.5,242.5,-117.5,NaN,NaN
-57.5,247.5,-112.5,NaN,NaN
-57.5,252.5,-107.5,NaN,NaN
-57.5,257.5,-102.5,NaN,NaN
-57.5,262.5,-97.5,NaN,NaN
-57.5,267.5,-92.5,NaN,NaN
-57.5,272.5,-87.5,NaN,NaN
-57.5,277.5,-82.5,NaN,NaN
-57.5,282.5,-77.5,NaN,NaN
-57.5,287.5,-72.5,NaN,NaN
-57.5,292.5,-67.5,NaN,NaN
-57.5,297.5,-62.5,NaN,NaN
-57.5,302.5,-57.5,NaN,NaN
-57.5,307.5,-52.5,NaN,NaN
-57.5,312.5,-47.5,NaN,NaN
-57.5,317.5,-42.5,NaN,NaN
-57.5,322.5,-37.5,NaN,NaN
-57.5,327.5,-32.5,NaN,NaN
-57.5,332.5,-27.5,NaN,NaN
-57.5,337.5,-22.5,NaN,NaN
-57.5,342.5,-17.5,NaN,NaN
-57.5,347.5,-12.5,NaN,NaN
-57.5,352.5,-7.5,NaN,NaN
-57.5,357.5,-2.5,NaN,NaN
-52.5,2.5,2.5,1.903930902,0.24320665
-52.5,7.5,7.5,1.96462357,0.24272202
-52.5,12.5,12.5,2.02098012,0.24225603
-52.5,17.5,17.5,2.12565136,0.247998819
-52.5,22.5,22.5,2.241643667,0.257517189
-52.5,27.5,27.5,2.291047812,0.268930346
-52.5,32.5,32.5,2.265711546,0.281889498
-52.5,37.5,37.5,NaN,NaN
-52.5,42.5,42.5,NaN,NaN
-52.5,47.5,47.5,NaN,NaN
-52.5,52.5,52.5,NaN,NaN
-52.5,57.5,57.5,NaN,NaN
-52.5,62.5,62.5,NaN,NaN
-52.5,67.5,67.5,NaN,NaN
-52.5,72.5,72.5,NaN,NaN
-52.5,77.5,77.5,NaN,NaN
-52.5,82.5,82.5,NaN,NaN
-52.5,87.5,87.5,NaN,NaN
-52.5,92.5,92.5,NaN,NaN
-52.5,97.5,97.5,NaN,NaN
-52.5,102.5,102.5,NaN,NaN
-52.5,107.5,107.5,NaN,NaN
-52.5,112.5,112.5,NaN,NaN
-52.5,117.5,117.5,NaN,NaN
-52.5,122.5,122.5,NaN,NaN
-52.5,127.5,127.5,NaN,NaN
-52.5,132.5,132.5,NaN,NaN
-52.5,137.5,137.5,NaN,NaN
-52.5,142.5,142.5,NaN,NaN
-52.5,147.5,147.5,NaN,NaN
-52.5,152.5,152.5,NaN,NaN
-52.5,157.5,157.5,NaN,NaN
-52.5,162.5,162.5,NaN,NaN
-52.5,167.5,167.5,NaN,NaN
-52.5,172.5,172.5,NaN,NaN
-52.5,177.5,177.5,1.964765906,0.24796322
-52.5,182.5,-177.5,2.043339491,0.248006657
-52.5,187.5,-172.5,2.083704948,0.246970832
-52.5,192.5,-167.5,2.097490311,0.246457204
-52.5,197.5,-162.5,2.094759703,0.246617302
-52.5,202.5,-157.5,2.040118933,0.244373977
-52.5,207.5,-152.5,1.970025182,0.242057353
-52.5,212.5,-147.5,1.915224671,0.242321521
-52.5,217.5,-142.5,1.852410913,0.241295666
-52.5,222.5,-137.5,1.80118978,0.23755224
-52.5,227.5,-132.5,1.772363663,0.233281404
-52.5,232.5,-127.5,1.753888607,0.231339738
-52.5,237.5,-122.5,1.778301239,0.230519906
-52.5,242.5,-117.5,1.855091691,0.228613034
-52.5,247.5,-112.5,1.873812795,0.226190805
-52.5,252.5,-107.5,1.83592546,0.22468929
-52.5,257.5,-102.5,1.833774805,0.226528123
-52.5,262.5,-97.5,1.87911737,0.22894524
-52.5,267.5,-92.5,1.929239035,0.228641003
-52.5,272.5,-87.5,1.954155445,0.230039895
-52.5,277.5,-82.5,1.959021091,0.233058602
-52.5,282.5,-77.5,1.962068796,0.236886829
-52.5,287.5,-72.5,1.984403372,0.238736808
-52.5,292.5,-67.5,1.998273849,0.240035936
-52.5,297.5,-62.5,1.982129455,0.238866031
-52.5,302.5,-57.5,1.921208978,0.238037929
-52.5,307.5,-52.5,1.820476532,0.237203673
-52.5,312.5,-47.5,1.737327576,0.236720756
-52.5,317.5,-42.5,1.729265571,0.240770176
-52.5,322.5,-37.5,1.773703933,0.245203286
-52.5,327.5,-32.5,1.861310124,0.252202898
-52.5,332.5,-27.5,1.937364221,0.254608631
-52.5,337.5,-22.5,1.957589626,0.252792805
-52.5,342.5,-17.5,1.926036358,0.250385433
-52.5,347.5,-12.5,1.871568561,0.246698871
-52.5,352.5,-7.5,1.815966964,0.242676839
-52.5,357.5,-2.5,1.837256789,0.242002636
-47.5,2.5,2.5,1.934491396,0.219840378
-47.5,7.5,7.5,1.990104556,0.219271213
-47.5,12.5,12.5,2.043713093,0.218349516
-47.5,17.5,17.5,2.145891428,0.223235443
-47.5,22.5,22.5,2.256021023,0.231386214
-47.5,27.5,27.5,2.283879757,0.243321478
-47.5,32.5,32.5,2.240032196,0.259002715
-47.5,37.5,37.5,2.179029226,0.276173502
-47.5,42.5,42.5,2.153920174,0.295124978
-47.5,47.5,47.5,2.153352261,0.310529619
-47.5,52.5,52.5,2.161739588,0.324098319
-47.5,57.5,57.5,2.187176466,0.338463277
-47.5,62.5,62.5,2.206117868,0.348517478
-47.5,67.5,67.5,2.21374917,0.357005179
-47.5,72.5,72.5,NaN,NaN
-47.5,77.5,77.5,NaN,NaN
-47.5,82.5,82.5,NaN,NaN
-47.5,87.5,87.5,NaN,NaN
-47.5,92.5,92.5,NaN,NaN
-47.5,97.5,97.5,NaN,NaN
-47.5,102.5,102.5,NaN,NaN
-47.5,107.5,107.5,NaN,NaN
-47.5,112.5,112.5,NaN,NaN
-47.5,117.5,117.5,NaN,NaN
-47.5,122.5,122.5,NaN,NaN
-47.5,127.5,127.5,NaN,NaN
-47.5,132.5,132.5,NaN,NaN
-47.5,137.5,137.5,NaN,NaN
-47.5,142.5,142.5,2.266949177,0.245855168
-47.5,147.5,147.5,2.205769062,0.24490732
-47.5,152.5,152.5,2.132440567,0.243315727
-47.5,157.5,157.5,2.103034496,0.241883606
-47.5,162.5,162.5,2.091798544,0.238775477
-47.5,167.5,167.5,2.012302876,0.233758673
-47.5,172.5,172.5,1.911000967,0.229298353
-47.5,177.5,177.5,1.928278923,0.22797665
-47.5,182.5,-177.5,2.00833416,0.226719111
-47.5,187.5,-172.5,2.062692404,0.225305855
-47.5,192.5,-167.5,2.094992638,0.225630805
-47.5,197.5,-162.5,2.101497173,0.226122186
-47.5,202.5,-157.5,2.052303791,0.223602489
-47.5,207.5,-152.5,1.978314161,0.220426947
-47.5,212.5,-147.5,1.944352388,0.220112458
-47.5,217.5,-142.5,1.917481899,0.218819037
-47.5,222.5,-137.5,1.882417679,0.214726061
-47.5,227.5,-132.5,1.852356434,0.211085349
-47.5,232.5,-127.5,1.811941504,0.208162725
-47.5,237.5,-122.5,1.81755054,0.205636784
-47.5,242.5,-117.5,1.864626884,0.202642798
-47.5,247.5,-112.5,1.864297271,0.200668544
-47.5,252.5,-107.5,1.811996937,0.200727835
-47.5,257.5,-102.5,1.799931884,0.20201838
-47.5,262.5,-97.5,1.845956445,0.202956945
-47.5,267.5,-92.5,1.923237085,0.20424141
-47.5,272.5,-87.5,1.972755909,0.205821559
-47.5,277.5,-82.5,1.980213046,0.209813431
-47.5,282.5,-77.5,1.985137582,0.214426011
-47.5,287.5,-72.5,1.993368626,0.21608445
-47.5,292.5,-67.5,2.002799034,0.216823041
-47.5,297.5,-62.5,1.990240812,0.217812538
-47.5,302.5,-57.5,1.931986332,0.218277261
-47.5,307.5,-52.5,1.835484505,0.217751488
-47.5,312.5,-47.5,1.766103268,0.218759507
-47.5,317.5,-42.5,1.772258997,0.222006679
-47.5,322.5,-37.5,1.816294789,0.225824162
-47.5,327.5,-32.5,1.887132287,0.230775028
-47.5,332.5,-27.5,1.950884461,0.232157812
-47.5,337.5,-22.5,1.988186598,0.231524631
-47.5,342.5,-17.5,1.956427813,0.22842434
-47.5,347.5,-12.5,1.896479487,0.224691048
-47.5,352.5,-7.5,1.865920305,0.220657766
-47.5,357.5,-2.5,1.887115121,0.218993887
-42.5,2.5,2.5,1.989935756,0.204554677
-42.5,7.5,7.5,2.019487143,0.205216214
-42.5,12.5,12.5,2.066565514,0.205193177
-42.5,17.5,17.5,2.142518997,0.206295297
-42.5,22.5,22.5,2.262253046,0.213330656
-42.5,27.5,27.5,2.314936161,0.224386811
-42.5,32.5,32.5,2.269983053,0.236726835
-42.5,37.5,37.5,2.184144974,0.249377489
-42.5,42.5,42.5,2.133448601,0.263845444
-42.5,47.5,47.5,2.147269487,0.279127032
-42.5,52.5,52.5,2.159726858,0.291686833
-42.5,57.5,57.5,2.188768625,0.304666102
-42.5,62.5,62.5,2.212091446,0.313482702
-42.5,67.5,67.5,2.244669199,0.322575122
-42.5,72.5,72.5,2.226434469,0.327068627
-42.5,77.5,77.5,2.098437309,0.324266613
-42.5,82.5,82.5,1.976147175,0.318084419
-42.5,87.5,87.5,1.895384312,0.307946622
-42.5,92.5,92.5,1.82950902,0.294556618
-42.5,97.5,97.5,1.864727616,0.283435583
-42.5,102.5,102.5,1.938913822,0.272933573
-42.5,107.5,107.5,1.978624105,0.261550903
-42.5,112.5,112.5,2.00755024,0.253235221
-42.5,117.5,117.5,2.019094467,0.245491803
-42.5,122.5,122.5,2.028661966,0.234061554
-42.5,127.5,127.5,2.092691183,0.23084648
-42.5,132.5,132.5,2.172453165,0.230318621
-42.5,137.5,137.5,2.231576204,0.228207693
-42.5,142.5,142.5,2.274655581,0.227695882
-42.5,147.5,147.5,2.250946999,0.225076616
-42.5,152.5,152.5,2.18331337,0.221734807
-42.5,157.5,157.5,2.118762732,0.219590217
-42.5,162.5,162.5,2.099853277,0.218936145
-42.5,167.5,167.5,2.045421839,0.215902328
-42.5,172.5,172.5,1.926559806,0.211016312
-42.5,177.5,177.5,1.906039596,0.209257349
-42.5,182.5,-177.5,1.97992909,0.207675502
-42.5,187.5,-172.5,2.034775019,0.205974817
-42.5,192.5,-167.5,2.064397097,0.206035048
-42.5,197.5,-162.5,2.088602543,0.207445249
-42.5,202.5,-157.5,2.05769515,0.205662206
-42.5,207.5,-152.5,1.980147839,0.200584009
-42.5,212.5,-147.5,1.970522404,0.19890064
-42.5,217.5,-142.5,1.981560707,0.196986035
-42.5,222.5,-137.5,1.954380512,0.194074348
-42.5,227.5,-132.5,1.899906397,0.192086086
-42.5,232.5,-127.5,1.843803406,0.190030187
-42.5,237.5,-122.5,1.848507881,0.186698496
-42.5,242.5,-117.5,1.897516847,0.184043497
-42.5,247.5,-112.5,1.888141751,0.183492541
-42.5,252.5,-107.5,1.827195525,0.183778927
-42.5,257.5,-102.5,1.804801941,0.185211822
-42.5,262.5,-97.5,1.831429482,0.185977697
-42.5,267.5,-92.5,1.892571092,0.185494527
-42.5,272.5,-87.5,1.958892226,0.187294945
-42.5,277.5,-82.5,1.989561558,0.190876797
-42.5,282.5,-77.5,1.996990204,0.19439216
-42.5,287.5,-72.5,1.995566487,0.195679531
-42.5,292.5,-67.5,2.001782894,0.197411284
-42.5,297.5,-62.5,1.979789972,0.199050874
-42.5,302.5,-57.5,1.929973125,0.199783295
-42.5,307.5,-52.5,1.876470923,0.201172039
-42.5,312.5,-47.5,1.832104445,0.203423887
-42.5,317.5,-42.5,1.834425211,0.206617638
-42.5,322.5,-37.5,1.867330313,0.209144086
-42.5,327.5,-32.5,1.90866375,0.213273913
-42.5,332.5,-27.5,1.954316616,0.215396374
-42.5,337.5,-22.5,1.991953969,0.21471034
-42.5,342.5,-17.5,1.973762274,0.212126434
-42.5,347.5,-12.5,1.948598504,0.20968096
-42.5,352.5,-7.5,1.961390376,0.206577197
-42.5,357.5,-2.5,1.990459442,0.205220297
-37.5,2.5,2.5,2.068511724,0.197341561
-37.5,7.5,7.5,2.086517572,0.19873409
-37.5,12.5,12.5,2.123837709,0.198879585
-37.5,17.5,17.5,2.182878971,0.197822183
-37.5,22.5,22.5,2.275300026,0.201916754
-37.5,27.5,27.5,2.346954823,0.210012093
-37.5,32.5,32.5,2.324674606,0.219619468
-37.5,37.5,37.5,2.212361097,0.228332862
-37.5,42.5,42.5,2.137643576,0.240190908
-37.5,47.5,47.5,2.140842438,0.253432006
-37.5,52.5,52.5,2.152005196,0.264580846
-37.5,57.5,57.5,2.167688608,0.274414361
-37.5,62.5,62.5,2.211031437,0.282985538
-37.5,67.5,67.5,2.245859623,0.28911376
-37.5,72.5,72.5,2.219127178,0.291657567
-37.5,77.5,77.5,2.057366133,0.285859972
-37.5,82.5,82.5,1.91750598,0.280014604
-37.5,87.5,87.5,1.838345408,0.273970544
-37.5,92.5,92.5,1.814473629,0.266221583
-37.5,97.5,97.5,1.862457156,0.254950762
-37.5,102.5,102.5,1.938209534,0.245929345
-37.5,107.5,107.5,2.005995035,0.23610194
-37.5,112.5,112.5,2.06294632,0.229312792
-37.5,117.5,117.5,2.055716276,0.222689748
-37.5,122.5,122.5,2.049079657,0.215374663
-37.5,127.5,127.5,2.071755409,0.211817861
-37.5,132.5,132.5,2.125214815,0.210710481
-37.5,137.5,137.5,2.174497604,0.209674209
-37.5,142.5,142.5,2.205716372,0.208890781
-37.5,147.5,147.5,2.212694407,0.207373217
-37.5,152.5,152.5,2.190343142,0.205679342
-37.5,157.5,157.5,2.14372611,0.205920175
-37.5,162.5,162.5,2.132889509,0.207528368
-37.5,167.5,167.5,2.117686749,0.20611991
-37.5,172.5,172.5,2.03127861,0.203298673
-37.5,177.5,177.5,1.963151693,0.200575024
-37.5,182.5,-177.5,1.988269925,0.198955253
-37.5,187.5,-172.5,2.025667906,0.197306588
-37.5,192.5,-167.5,2.032701015,0.195362598
-37.5,197.5,-162.5,2.038638592,0.194833383
-37.5,202.5,-157.5,2.018525839,0.193008319
-37.5,207.5,-152.5,1.980509162,0.188887909
-37.5,212.5,-147.5,2.003599167,0.185889706
-37.5,217.5,-142.5,2.031036615,0.183211386
-37.5,222.5,-137.5,2.008288383,0.181317553
-37.5,227.5,-132.5,1.949613452,0.180542007
-37.5,232.5,-127.5,1.914501548,0.178658947
-37.5,237.5,-122.5,1.942129612,0.17478013
-37.5,242.5,-117.5,1.953665972,0.172132179
-37.5,247.5,-112.5,1.901063442,0.171359062
-37.5,252.5,-107.5,1.849847674,0.17197673
-37.5,257.5,-102.5,1.827783346,0.1728376
-37.5,262.5,-97.5,1.832167029,0.173054099
-37.5,267.5,-92.5,1.886511207,0.173505977
-37.5,272.5,-87.5,1.948302627,0.174984828
-37.5,277.5,-82.5,1.970071077,0.176978886
-37.5,282.5,-77.5,2.001893282,0.180426821
-37.5,287.5,-72.5,2.010822535,0.182569459
-37.5,292.5,-67.5,1.986693144,0.184191152
-37.5,297.5,-62.5,1.964954138,0.186807811
-37.5,302.5,-57.5,1.930046916,0.188513324
-37.5,307.5,-52.5,1.898582935,0.190840632
-37.5,312.5,-47.5,1.885278106,0.194470361
-37.5,317.5,-42.5,1.884366274,0.197448596
-37.5,322.5,-37.5,1.903722525,0.200432435
-37.5,327.5,-32.5,1.902976036,0.20326522
-37.5,332.5,-27.5,1.932647824,0.206153512
-37.5,337.5,-22.5,1.992977142,0.206422284
-37.5,342.5,-17.5,2.012720108,0.20430398
-37.5,347.5,-12.5,2.019812107,0.202023312
-37.5,352.5,-7.5,2.045185566,0.200180665
-37.5,357.5,-2.5,2.062669039,0.197926581
-32.5,2.5,2.5,2.129114866,0.193694204
-32.5,7.5,7.5,2.176784754,0.193636373
-32.5,12.5,12.5,2.206564188,0.192103446
-32.5,17.5,17.5,2.241254568,0.191237897
-32.5,22.5,22.5,2.26439786,0.19159539
-32.5,27.5,27.5,2.308342934,0.196898848
-32.5,32.5,32.5,2.298980713,0.20446375
-32.5,37.5,37.5,2.197021008,0.213205069
-32.5,42.5,42.5,2.14605999,0.223512441
-32.5,47.5,47.5,2.163239717,0.235314086
-32.5,52.5,52.5,2.183344841,0.24589622
-32.5,57.5,57.5,2.204446077,0.254909754
-32.5,62.5,62.5,2.211638927,0.261237472
-32.5,67.5,67.5,2.180399895,0.262868017
-32.5,72.5,72.5,2.104557276,0.262088954
-32.5,77.5,77.5,1.986139894,0.260717392
-32.5,82.5,82.5,1.882934093,0.258567005
-32.5,87.5,87.5,1.834186196,0.254402548
-32.5,92.5,92.5,1.840634108,0.245269477
-32.5,97.5,97.5,1.890134335,0.234150082
-32.5,102.5,102.5,1.944814086,0.224623248
-32.5,107.5,107.5,2.019910812,0.216187611
-32.5,112.5,112.5,2.074943066,0.209844291
-32.5,117.5,117.5,2.059672356,0.203843147
-32.5,122.5,122.5,2.051640749,0.201080546
-32.5,127.5,127.5,2.058317184,0.199491158
-32.5,132.5,132.5,2.107907534,0.198329091
-32.5,137.5,137.5,2.161967754,0.197748482
-32.5,142.5,142.5,2.186952353,0.197614998
-32.5,147.5,147.5,2.207067013,0.197337583
-32.5,152.5,152.5,2.229442358,0.198371306
-32.5,157.5,157.5,2.221570015,0.200242996
-32.5,162.5,162.5,2.197475672,0.202849835
-32.5,167.5,167.5,2.210739613,0.203846395
-32.5,172.5,172.5,2.221633434,0.203473926
-32.5,177.5,177.5,2.139059067,0.200537592
-32.5,182.5,-177.5,2.056314945,0.197049886
-32.5,187.5,-172.5,2.049050093,0.194996759
-32.5,192.5,-167.5,2.063194513,0.193128198
-32.5,197.5,-162.5,2.042136192,0.189987287
-32.5,202.5,-157.5,2.009984493,0.185860828
-32.5,207.5,-152.5,2.012763023,0.181895822
-32.5,212.5,-147.5,2.060388803,0.178831264
-32.5,217.5,-142.5,2.097395182,0.177261531
-32.5,222.5,-137.5,2.067247391,0.175738588
-32.5,227.5,-132.5,2.023971319,0.173904061
-32.5,232.5,-127.5,2.030245304,0.170915037
-32.5,237.5,-122.5,2.05803442,0.167238802
-32.5,242.5,-117.5,2.017146349,0.164584428
-32.5,247.5,-112.5,1.929484129,0.163260907
-32.5,252.5,-107.5,1.890744448,0.163625196
-32.5,257.5,-102.5,1.87605834,0.164439723
-32.5,262.5,-97.5,1.864893198,0.164501861
-32.5,267.5,-92.5,1.901815295,0.164522603
-32.5,272.5,-87.5,1.947665215,0.16569677
-32.5,277.5,-82.5,1.975417137,0.168294385
-32.5,282.5,-77.5,2.012283325,0.171329483
-32.5,287.5,-72.5,2.038227558,0.174202308
-32.5,292.5,-67.5,2.01322031,0.176595315
-32.5,297.5,-62.5,1.979474664,0.179716855
-32.5,302.5,-57.5,1.950970888,0.182805941
-32.5,307.5,-52.5,1.930464864,0.186376885
-32.5,312.5,-47.5,1.953327537,0.191244662
-32.5,317.5,-42.5,1.973555565,0.194883272
-32.5,322.5,-37.5,1.962463021,0.198180482
-32.5,327.5,-32.5,1.94443047,0.201678842
-32.5,332.5,-27.5,1.964039803,0.203918368
-32.5,337.5,-22.5,2.028008461,0.203379586
-32.5,342.5,-17.5,2.083106279,0.202378571
-32.5,347.5,-12.5,2.09397006,0.20072253
-32.5,352.5,-7.5,2.106698275,0.198205248
-32.5,357.5,-2.5,2.119148493,0.195831165
-27.5,2.5,2.5,2.259821177,0.195114955
-27.5,7.5,7.5,2.294393063,0.193718866
-27.5,12.5,12.5,2.311491013,0.191242531
-27.5,17.5,17.5,2.298373699,0.18904984
-27.5,22.5,22.5,2.270563602,0.187332645
-27.5,27.5,27.5,2.229895353,0.188205883
-27.5,32.5,32.5,2.199979305,0.193847358
-27.5,37.5,37.5,2.17237854,0.20167172
-27.5,42.5,42.5,2.168707848,0.21004115
-27.5,47.5,47.5,2.206599712,0.221403956
-27.5,52.5,52.5,2.207859993,0.231967494
-27.5,57.5,57.5,2.196883202,0.239958838
-27.5,62.5,62.5,2.1987257,0.248518348
-27.5,67.5,67.5,2.107826233,0.248728439
-27.5,72.5,72.5,1.98348093,0.245268241
-27.5,77.5,77.5,1.892302155,0.246351093
-27.5,82.5,82.5,1.840767264,0.244974419
-27.5,87.5,87.5,1.846993685,0.239294872
-27.5,92.5,92.5,1.88357687,0.229898661
-27.5,97.5,97.5,1.931596756,0.219523013
-27.5,102.5,102.5,1.967603922,0.209693849
-27.5,107.5,107.5,2.033113718,0.201971516
-27.5,112.5,112.5,2.081099749,0.19737491
-27.5,117.5,117.5,2.0885849,0.194487587
-27.5,122.5,122.5,2.086530924,0.193800017
-27.5,127.5,127.5,2.104528666,0.194047749
-27.5,132.5,132.5,2.181132317,0.194563046
-27.5,137.5,137.5,2.24466753,0.195385814
-27.5,142.5,142.5,2.247317314,0.195580557
-27.5,147.5,147.5,2.28149581,0.19638592
-27.5,152.5,152.5,2.339714766,0.198220447
-27.5,157.5,157.5,2.350641489,0.199384004
-27.5,162.5,162.5,2.339184046,0.203283206
-27.5,167.5,167.5,2.388366938,0.208123803
-27.5,172.5,172.5,2.448821545,0.208520472
-27.5,177.5,177.5,2.398789167,0.204313353
-27.5,182.5,-177.5,2.273737669,0.199881122
-27.5,187.5,-172.5,2.168552399,0.196189255
-27.5,192.5,-167.5,2.135088682,0.193804622
-27.5,197.5,-162.5,2.103996992,0.189261347
-27.5,202.5,-157.5,2.076951742,0.183621123
-27.5,207.5,-152.5,2.093748569,0.179552048
-27.5,212.5,-147.5,2.129738808,0.176981285
-27.5,217.5,-142.5,2.12830019,0.17426303
-27.5,222.5,-137.5,2.131946325,0.173042014
-27.5,227.5,-132.5,2.159859419,0.170603707
-27.5,232.5,-127.5,2.169108152,0.166021764
-27.5,237.5,-122.5,2.154875755,0.162035182
-27.5,242.5,-117.5,2.107456446,0.158859462
-27.5,247.5,-112.5,2.04312849,0.157361105
-27.5,252.5,-107.5,2.003786802,0.156998113
-27.5,257.5,-102.5,1.98249948,0.157035485
-27.5,262.5,-97.5,1.958786011,0.157546818
-27.5,267.5,-92.5,1.961502075,0.157795042
-27.5,272.5,-87.5,2.005701303,0.159866944
-27.5,277.5,-82.5,2.015468597,0.162803397
-27.5,282.5,-77.5,2.020913363,0.166996419
-27.5,287.5,-72.5,2.039584875,0.169865996
-27.5,292.5,-67.5,2.064480782,0.172777891
-27.5,297.5,-62.5,2.06209898,0.176923051
-27.5,302.5,-57.5,2.034863949,0.181095272
-27.5,307.5,-52.5,2.03617382,0.186329693
-27.5,312.5,-47.5,2.070479631,0.191531047
-27.5,317.5,-42.5,2.091255665,0.196006924
-27.5,322.5,-37.5,2.038739204,0.198762968
-27.5,327.5,-32.5,2.013904095,0.203189552
-27.5,332.5,-27.5,2.047979355,0.20506227
-27.5,337.5,-22.5,2.108081579,0.205899939
-27.5,342.5,-17.5,2.142002344,0.204711229
-27.5,347.5,-12.5,2.182101011,0.203041881
-27.5,352.5,-7.5,2.215404034,0.20019576
-27.5,357.5,-2.5,2.24305892,0.197883293
-22.5,2.5,2.5,2.412604094,0.204209924
-22.5,7.5,7.5,2.456086636,0.201927155
-22.5,12.5,12.5,2.464633703,0.19795841
-22.5,17.5,17.5,2.400858879,0.192461848
-22.5,22.5,22.5,2.324851751,0.187830642
-22.5,27.5,27.5,2.266042709,0.187200099
-22.5,32.5,32.5,2.211243153,0.190051153
-22.5,37.5,37.5,2.212316275,0.195594326
-22.5,42.5,42.5,2.220974922,0.202682346
-22.5,47.5,47.5,2.194653034,0.211071879
-22.5,52.5,52.5,2.171644688,0.221702531
-22.5,57.5,57.5,2.132292509,0.22890085
-22.5,62.5,62.5,2.106461763,0.235399112
-22.5,67.5,67.5,2.029079914,0.237243548
-22.5,72.5,72.5,1.921947598,0.236532643
-22.5,77.5,77.5,1.863490462,0.237367094
-22.5,82.5,82.5,1.841442823,0.234755188
-22.5,87.5,87.5,1.844781399,0.226376906
-22.5,92.5,92.5,1.90451026,0.217649326
-22.5,97.5,97.5,1.957966924,0.208702937
-22.5,102.5,102.5,1.986514568,0.199362621
-22.5,107.5,107.5,2.041352987,0.192899659
-22.5,112.5,112.5,2.096601963,0.191431716
-22.5,117.5,117.5,2.121663332,0.191227734
-22.5,122.5,122.5,2.142518997,0.191676944
-22.5,127.5,127.5,2.189633846,0.192365304
-22.5,132.5,132.5,2.290715933,0.194259852
-22.5,137.5,137.5,2.342294931,0.197585374
-22.5,142.5,142.5,2.329875708,0.199313775
-22.5,147.5,147.5,2.362789869,0.200885981
-22.5,152.5,152.5,2.457658291,0.204713956
-22.5,157.5,157.5,2.510695219,0.207489267
-22.5,162.5,162.5,2.521579981,0.213177413
-22.5,167.5,167.5,2.565093517,0.218964919
-22.5,172.5,172.5,2.608263493,0.218818367
-22.5,177.5,177.5,2.611500978,0.216792285
-22.5,182.5,-177.5,2.519753218,0.211484224
-22.5,187.5,-172.5,2.392599344,0.205785558
-22.5,192.5,-167.5,2.313234091,0.202148423
-22.5,197.5,-162.5,2.248399734,0.197171047
-22.5,202.5,-157.5,2.192446947,0.190328747
-22.5,207.5,-152.5,2.219957829,0.187511921
-22.5,212.5,-147.5,2.256216764,0.184955359
-22.5,217.5,-142.5,2.252913237,0.180556968
-22.5,222.5,-137.5,2.275466204,0.177169934
-22.5,227.5,-132.5,2.328539371,0.174400896
-22.5,232.5,-127.5,2.305774689,0.16765362
-22.5,237.5,-122.5,2.249452829,0.161189616
-22.5,242.5,-117.5,2.206160307,0.157280192
-22.5,247.5,-112.5,2.156312943,0.155278191
-22.5,252.5,-107.5,2.110984087,0.155759588
-22.5,257.5,-102.5,2.084107399,0.156404018
-22.5,262.5,-97.5,2.0586164,0.156869546
-22.5,267.5,-92.5,2.050556898,0.158118814
-22.5,272.5,-87.5,2.080016375,0.160430878
-22.5,277.5,-82.5,2.056122541,0.163047716
-22.5,282.5,-77.5,2.014163017,0.167307004
-22.5,287.5,-72.5,2.034642458,0.171308205
-22.5,292.5,-67.5,2.088009357,0.174481824
-22.5,297.5,-62.5,2.128389359,0.179824308
-22.5,302.5,-57.5,2.131262779,0.185338691
-22.5,307.5,-52.5,2.142473459,0.190774634
-22.5,312.5,-47.5,2.162089586,0.196727186
-22.5,317.5,-42.5,2.145454407,0.201685205
-22.5,322.5,-37.5,2.088824749,0.206406087
-22.5,327.5,-32.5,2.044750452,0.209137693
-22.5,332.5,-27.5,2.088911295,0.211641476
-22.5,337.5,-22.5,2.155819416,0.213708669
-22.5,342.5,-17.5,2.180209398,0.211842194
-22.5,347.5,-12.5,2.218238592,0.208343133
-22.5,352.5,-7.5,2.283226967,0.206172004
-22.5,357.5,-2.5,2.349839449,0.205015674
-17.5,2.5,2.5,2.537732363,0.216210932
-17.5,7.5,7.5,2.598464251,0.212675691
-17.5,12.5,12.5,2.645670891,0.207983002
-17.5,17.5,17.5,2.593450785,0.200316384
-17.5,22.5,22.5,2.503792048,0.193540692
-17.5,27.5,27.5,2.421977758,0.190596148
-17.5,32.5,32.5,2.367112637,0.19144769
-17.5,37.5,37.5,2.329700708,0.19400771
-17.5,42.5,42.5,2.255099058,0.19753693
-17.5,47.5,47.5,2.169817209,0.203676924
-17.5,52.5,52.5,2.106524706,0.211871475
-17.5,57.5,57.5,2.063799858,0.218990251
-17.5,62.5,62.5,2.033349752,0.222866252
-17.5,67.5,67.5,2.010011673,0.225808099
-17.5,72.5,72.5,1.976339817,0.226669014
-17.5,77.5,77.5,1.946916938,0.228329405
-17.5,82.5,82.5,1.882463455,0.223987147
-17.5,87.5,87.5,1.878460288,0.218948707
-17.5,92.5,92.5,1.914843559,0.212687954
-17.5,97.5,97.5,1.983527303,0.206577256
-17.5,102.5,102.5,2.047044277,0.200080603
-17.5,107.5,107.5,2.108382702,0.196921915
-17.5,112.5,112.5,2.179343939,0.19658637
-17.5,117.5,117.5,2.227212191,0.197072864
-17.5,122.5,122.5,2.261245489,0.197774887
-17.5,127.5,127.5,2.317667484,0.198710725
-17.5,132.5,132.5,2.372638702,0.200557977
-17.5,137.5,137.5,2.412567854,0.206440255
-17.5,142.5,142.5,2.451484919,0.211692005
-17.5,147.5,147.5,2.510157108,0.21553506
-17.5,152.5,152.5,2.587448597,0.218907297
-17.5,157.5,157.5,2.625387192,0.222115085
-17.5,162.5,162.5,2.578446627,0.225186408
-17.5,167.5,167.5,2.592565298,0.22877875
-17.5,172.5,172.5,2.694458008,0.232164294
-17.5,177.5,177.5,2.733039141,0.231144026
-17.5,182.5,-177.5,2.683206081,0.226746246
-17.5,187.5,-172.5,2.599840641,0.222422421
-17.5,192.5,-167.5,2.514320374,0.217783526
-17.5,197.5,-162.5,2.410445929,0.210177079
-17.5,202.5,-157.5,2.339733601,0.203021526
-17.5,207.5,-152.5,2.357385635,0.198125958
-17.5,212.5,-147.5,2.428220987,0.194573209
-17.5,217.5,-142.5,2.423855543,0.188535452
-17.5,222.5,-137.5,2.413347006,0.183566019
-17.5,227.5,-132.5,2.423206806,0.177803278
-17.5,232.5,-127.5,2.3950634,0.169974372
-17.5,237.5,-122.5,2.339642286,0.163071319
-17.5,242.5,-117.5,2.284012318,0.157812923
-17.5,247.5,-112.5,2.23425293,0.155649781
-17.5,252.5,-107.5,2.171582222,0.156302363
-17.5,257.5,-102.5,2.125386953,0.157369718
-17.5,262.5,-97.5,2.096906662,0.158261433
-17.5,267.5,-92.5,2.092259169,0.160953045
-17.5,272.5,-87.5,2.102172613,0.164238051
-17.5,277.5,-82.5,2.081097841,0.167017087
-17.5,282.5,-77.5,2.067400694,0.171220407
-17.5,287.5,-72.5,2.075860739,0.175054461
-17.5,292.5,-67.5,2.093255758,0.178050771
-17.5,297.5,-62.5,2.135726213,0.184087753
-17.5,302.5,-57.5,2.151886225,0.190704927
-17.5,307.5,-52.5,2.165342093,0.197529659
-17.5,312.5,-47.5,2.181556702,0.205309182
-17.5,317.5,-42.5,2.150013208,0.210864291
-17.5,322.5,-37.5,2.105407238,0.215163291
-17.5,327.5,-32.5,2.078488111,0.21652247
-17.5,332.5,-27.5,2.113853693,0.218141213
-17.5,337.5,-22.5,2.151891947,0.218749121
-17.5,342.5,-17.5,2.166833401,0.217560038
-17.5,347.5,-12.5,2.220420837,0.215671748
-17.5,352.5,-7.5,2.355079174,0.216588512
-17.5,357.5,-2.5,2.469484329,0.216779113
-12.5,2.5,2.5,2.66527319,0.224988356
-12.5,7.5,7.5,2.686977625,0.220538467
-12.5,12.5,12.5,2.736593962,0.215332985
-12.5,17.5,17.5,2.711328506,0.207260758
-12.5,22.5,22.5,2.609103203,0.198937356
-12.5,27.5,27.5,2.52976346,0.195246205
-12.5,32.5,32.5,2.478546858,0.193770692
-12.5,37.5,37.5,2.387936831,0.191830903
-12.5,42.5,42.5,2.314477682,0.194194362
-12.5,47.5,47.5,2.248932838,0.198936597
-12.5,52.5,52.5,2.147387266,0.204378262
-12.5,57.5,57.5,2.048096895,0.208234578
-12.5,62.5,62.5,2.038479567,0.213343933
-12.5,67.5,67.5,2.074245453,0.217846498
-12.5,72.5,72.5,2.087655544,0.220206395
-12.5,77.5,77.5,2.022537708,0.219355896
-12.5,82.5,82.5,1.942418814,0.218208969
-12.5,87.5,87.5,1.906738639,0.21554856
-12.5,92.5,92.5,1.927016973,0.212563485
-12.5,97.5,97.5,2.011460066,0.209934652
-12.5,102.5,102.5,2.131584883,0.20925802
-12.5,107.5,107.5,2.205881596,0.208983704
-12.5,112.5,112.5,2.268569708,0.207183138
-12.5,117.5,117.5,2.33202219,0.205900908
-12.5,122.5,122.5,2.376697063,0.207824066
-12.5,127.5,127.5,2.411875963,0.21040675
-12.5,132.5,132.5,2.42100668,0.212066367
-12.5,137.5,137.5,2.454068422,0.216933474
-12.5,142.5,142.5,2.542993307,0.223766267
-12.5,147.5,147.5,2.632689476,0.229541123
-12.5,152.5,152.5,2.672475338,0.232867062
-12.5,157.5,157.5,2.593023777,0.232031792
-12.5,162.5,162.5,2.494776011,0.232351661
-12.5,167.5,167.5,2.536060095,0.23624438
-12.5,172.5,172.5,2.678727388,0.240501001
-12.5,177.5,177.5,2.77548027,0.241858914
-12.5,182.5,-177.5,2.784240723,0.241348743
-12.5,187.5,-172.5,2.712626219,0.238445699
-12.5,192.5,-167.5,2.60191226,0.233039409
-12.5,197.5,-162.5,2.503028393,0.224439695
-12.5,202.5,-157.5,2.455916882,0.215165973
-12.5,207.5,-152.5,2.500666142,0.208673373
-12.5,212.5,-147.5,2.5623703,0.202072889
-12.5,217.5,-142.5,2.533962727,0.193808556
-12.5,222.5,-137.5,2.489131451,0.186937287
-12.5,227.5,-132.5,2.461348057,0.179125994
-12.5,232.5,-127.5,2.437703371,0.171067968
-12.5,237.5,-122.5,2.397851467,0.164387181
-12.5,242.5,-117.5,2.34262538,0.158848822
-12.5,247.5,-112.5,2.272060394,0.156081498
-12.5,252.5,-107.5,2.176724434,0.156069338
-12.5,257.5,-102.5,2.108055592,0.157257214
-12.5,262.5,-97.5,2.095026255,0.159977093
-12.5,267.5,-92.5,2.09508419,0.164276838
-12.5,272.5,-87.5,2.085751772,0.168287188
-12.5,277.5,-82.5,2.102275133,0.172753304
-12.5,282.5,-77.5,2.122810364,0.177452013
-12.5,287.5,-72.5,2.130628586,0.181215614
-12.5,292.5,-67.5,2.136023998,0.184647664
-12.5,297.5,-62.5,2.157305002,0.190556988
-12.5,302.5,-57.5,2.161703587,0.19619067
-12.5,307.5,-52.5,2.19385767,0.205248564
-12.5,312.5,-47.5,2.21479845,0.214047581
-12.5,317.5,-42.5,2.1965096,0.219902083
-12.5,322.5,-37.5,2.157133579,0.222307727
-12.5,327.5,-32.5,2.153962612,0.223504558
-12.5,332.5,-27.5,2.17383337,0.223041281
-12.5,337.5,-22.5,2.201016903,0.223642737
-12.5,342.5,-17.5,2.22035265,0.224251673
-12.5,347.5,-12.5,2.294855118,0.2256549
-12.5,352.5,-7.5,2.467294216,0.227534324
-12.5,357.5,-2.5,2.630041599,0.228226244
-7.5,2.5,2.5,2.818781376,0.234592065
-7.5,7.5,7.5,2.823098421,0.229931071
-7.5,12.5,12.5,2.817064762,0.222321421
-7.5,17.5,17.5,2.770568848,0.215223372
-7.5,22.5,22.5,2.639822483,0.207855269
-7.5,27.5,27.5,2.536810637,0.201549932
-7.5,32.5,32.5,2.490007639,0.19785656
-7.5,37.5,37.5,2.409008741,0.195151731
-7.5,42.5,42.5,2.34396863,0.194773361
-7.5,47.5,47.5,2.311583281,0.197276905
-7.5,52.5,52.5,2.219905615,0.199828953
-7.5,57.5,57.5,2.118483067,0.202856109
-7.5,62.5,62.5,2.081889153,0.205951378
-7.5,67.5,67.5,2.113873482,0.210327953
-7.5,72.5,72.5,2.103589058,0.213320196
-7.5,77.5,77.5,2.046674252,0.215710014
-7.5,82.5,82.5,1.967860103,0.215727478
-7.5,87.5,87.5,1.928181171,0.216127023
-7.5,92.5,92.5,1.953951955,0.216210827
-7.5,97.5,97.5,2.074093819,0.217823237
-7.5,102.5,102.5,2.219912052,0.219840735
-7.5,107.5,107.5,2.271263361,0.218992427
-7.5,112.5,112.5,2.30785799,0.218389496
-7.5,117.5,117.5,2.377830744,0.218196839
-7.5,122.5,122.5,2.406825304,0.219811127
-7.5,127.5,127.5,2.424960613,0.222701192
-7.5,132.5,132.5,2.454472065,0.224838093
-7.5,137.5,137.5,2.475932837,0.226911306
-7.5,142.5,142.5,2.55860734,0.232243985
-7.5,147.5,147.5,2.647524118,0.238317877
-7.5,152.5,152.5,2.665250063,0.242550626
-7.5,157.5,157.5,2.55343008,0.240683347
-7.5,162.5,162.5,2.455062151,0.240721822
-7.5,167.5,167.5,2.498273134,0.24307403
-7.5,172.5,172.5,2.689387083,0.249830753
-7.5,177.5,177.5,2.812379122,0.253328979
-7.5,182.5,-177.5,2.824975491,0.254367143
-7.5,187.5,-172.5,2.711267471,0.248669267
-7.5,192.5,-167.5,2.593965054,0.24386166
-7.5,197.5,-162.5,2.518690586,0.235803291
-7.5,202.5,-157.5,2.49409771,0.222606033
-7.5,207.5,-152.5,2.564819336,0.214414284
-7.5,212.5,-147.5,2.620370626,0.207306042
-7.5,217.5,-142.5,2.587044954,0.198459432
-7.5,222.5,-137.5,2.538170099,0.189606369
-7.5,227.5,-132.5,2.505883455,0.180954054
-7.5,232.5,-127.5,2.491607666,0.174204752
-7.5,237.5,-122.5,2.453607798,0.167066351
-7.5,242.5,-117.5,2.378884554,0.159798548
-7.5,247.5,-112.5,2.251833916,0.156075135
-7.5,252.5,-107.5,2.124241829,0.157011196
-7.5,257.5,-102.5,2.080421686,0.159423724
-7.5,262.5,-97.5,2.115815163,0.163356423
-7.5,267.5,-92.5,2.125537872,0.168475226
-7.5,272.5,-87.5,2.118722677,0.174634054
-7.5,277.5,-82.5,2.146159172,0.180046871
-7.5,282.5,-77.5,2.164621115,0.184180826
-7.5,287.5,-72.5,2.167717457,0.187315598
-7.5,292.5,-67.5,2.182826042,0.191285148
-7.5,297.5,-62.5,2.182065487,0.195346832
-7.5,302.5,-57.5,2.17983222,0.200909838
-7.5,307.5,-52.5,2.211114883,0.211280122
-7.5,312.5,-47.5,2.202628613,0.218739808
-7.5,317.5,-42.5,2.200890303,0.225404024
-7.5,322.5,-37.5,2.190624475,0.228158742
-7.5,327.5,-32.5,2.215203285,0.229779005
-7.5,332.5,-27.5,2.268948555,0.23070173
-7.5,337.5,-22.5,2.312427521,0.232082829
-7.5,342.5,-17.5,2.336155176,0.232692808
-7.5,347.5,-12.5,2.426181078,0.235743105
-7.5,352.5,-7.5,2.600571394,0.238613099
-7.5,357.5,-2.5,2.771552563,0.239180222
-2.5,2.5,2.5,2.903684855,0.246030793
-2.5,7.5,7.5,2.914284229,0.238919079
-2.5,12.5,12.5,2.883298397,0.231158257
-2.5,17.5,17.5,2.769574165,0.223165944
-2.5,22.5,22.5,2.659522772,0.218857542
-2.5,27.5,27.5,2.601358414,0.212929904
-2.5,32.5,32.5,2.570261478,0.206773162
-2.5,37.5,37.5,2.460385799,0.202486217
-2.5,42.5,42.5,2.348583698,0.200601771
-2.5,47.5,47.5,2.289673328,0.200024024
-2.5,52.5,52.5,2.21018672,0.200404152
-2.5,57.5,57.5,2.121628761,0.200578108
-2.5,62.5,62.5,2.036513567,0.200212672
-2.5,67.5,67.5,2.002763271,0.204126775
-2.5,72.5,72.5,2.007499933,0.210093737
-2.5,77.5,77.5,1.994635344,0.214655533
-2.5,82.5,82.5,1.950775146,0.218296975
-2.5,87.5,87.5,1.917620182,0.219901174
-2.5,92.5,92.5,1.958174586,0.222754672
-2.5,97.5,97.5,2.082642555,0.227499619
-2.5,102.5,102.5,2.239503145,0.230161563
-2.5,107.5,107.5,2.311932564,0.227968439
-2.5,112.5,112.5,2.34368968,0.228623822
-2.5,117.5,117.5,2.361450911,0.229122758
-2.5,122.5,122.5,2.378887892,0.231246546
-2.5,127.5,127.5,2.417009115,0.23439078
-2.5,132.5,132.5,2.451503515,0.235282868
-2.5,137.5,137.5,2.470290661,0.236387998
-2.5,142.5,142.5,2.513238192,0.238883212
-2.5,147.5,147.5,2.544548035,0.242715299
-2.5,152.5,152.5,2.553651094,0.24589856
-2.5,157.5,157.5,2.533365011,0.245756954
-2.5,162.5,162.5,2.497597933,0.24607946
-2.5,167.5,167.5,2.576004028,0.250287563
-2.5,172.5,172.5,2.754124403,0.256528109
-2.5,177.5,177.5,2.841223001,0.259908617
-2.5,182.5,-177.5,2.825773001,0.261077762
-2.5,187.5,-172.5,2.686795235,0.25438711
-2.5,192.5,-167.5,2.573979378,0.249910176
-2.5,197.5,-162.5,2.538184881,0.243661344
-2.5,202.5,-157.5,2.55791235,0.231981397
-2.5,207.5,-152.5,2.595799208,0.221364513
-2.5,212.5,-147.5,2.596115112,0.211970329
-2.5,217.5,-142.5,2.52982378,0.201501742
-2.5,222.5,-137.5,2.501122952,0.192941442
-2.5,227.5,-132.5,2.522726536,0.184984669
-2.5,232.5,-127.5,2.526772976,0.177061826
-2.5,237.5,-122.5,2.487466574,0.168811962
-2.5,242.5,-117.5,2.402497292,0.161865205
-2.5,247.5,-112.5,2.224081755,0.15784733
-2.5,252.5,-107.5,2.08346796,0.158848703
-2.5,257.5,-102.5,2.076601744,0.161876217
-2.5,262.5,-97.5,2.123859882,0.1648684
-2.5,267.5,-92.5,2.159059525,0.171631038
-2.5,272.5,-87.5,2.145825624,0.17925325
-2.5,277.5,-82.5,2.138616562,0.184338197
-2.5,282.5,-77.5,2.162594795,0.188164383
-2.5,287.5,-72.5,2.198229313,0.192659497
-2.5,292.5,-67.5,2.198427916,0.196625724
-2.5,297.5,-62.5,2.197616577,0.200838774
-2.5,302.5,-57.5,2.201058388,0.206017196
-2.5,307.5,-52.5,2.195062637,0.21481587
-2.5,312.5,-47.5,2.173242807,0.223590598
-2.5,317.5,-42.5,2.177454948,0.230406776
-2.5,322.5,-37.5,2.174308538,0.232890904
-2.5,327.5,-32.5,2.175921917,0.233570427
-2.5,332.5,-27.5,2.235873699,0.235330626
-2.5,337.5,-22.5,2.316828728,0.2367118
-2.5,342.5,-17.5,2.403000116,0.240895659
-2.5,347.5,-12.5,2.517712831,0.245692581
-2.5,352.5,-7.5,2.681395531,0.249210879
-2.5,357.5,-2.5,2.810211182,0.248498276
2.5,2.5,2.5,2.817637205,0.249491692
2.5,7.5,7.5,2.863641739,0.246164665
2.5,12.5,12.5,2.838831425,0.239585996
2.5,17.5,17.5,2.716211796,0.230592459
2.5,22.5,22.5,2.642146349,0.225442842
2.5,27.5,27.5,2.654879808,0.221288309
2.5,32.5,32.5,2.656424761,0.214844212
2.5,37.5,37.5,2.546302795,0.210233644
2.5,42.5,42.5,2.349384308,0.205377072
2.5,47.5,47.5,2.225129128,0.202284575
2.5,52.5,52.5,2.127249479,0.201228157
2.5,57.5,57.5,2.036516905,0.199808568
2.5,62.5,62.5,1.91890347,0.196349874
2.5,67.5,67.5,1.881717682,0.201832592
2.5,72.5,72.5,1.908363223,0.208716735
2.5,77.5,77.5,1.908783436,0.214196354
2.5,82.5,82.5,1.857305408,0.21983166
2.5,87.5,87.5,1.834777951,0.222380564
2.5,92.5,92.5,1.902017355,0.226342931
2.5,97.5,97.5,2.025463104,0.232291058
2.5,102.5,102.5,2.182842016,0.236317202
2.5,107.5,107.5,2.294832468,0.235771373
2.5,112.5,112.5,2.335958958,0.235992447
2.5,117.5,117.5,2.344647408,0.237600118
2.5,122.5,122.5,2.393825293,0.241163373
2.5,127.5,127.5,2.427226067,0.241932765
2.5,132.5,132.5,2.435851097,0.242591769
2.5,137.5,137.5,2.434971094,0.243507326
2.5,142.5,142.5,2.456761837,0.242855623
2.5,147.5,147.5,2.468518496,0.244590849
2.5,152.5,152.5,2.469180584,0.246502891
2.5,157.5,157.5,2.523771048,0.246516585
2.5,162.5,162.5,2.610230684,0.24932757
2.5,167.5,167.5,2.700781822,0.253575742
2.5,172.5,172.5,2.832595825,0.25970158
2.5,177.5,177.5,2.875611305,0.261681974
2.5,182.5,-177.5,2.82273221,0.261144191
2.5,187.5,-172.5,2.68906641,0.257819682
2.5,192.5,-167.5,2.579266071,0.254169881
2.5,197.5,-162.5,2.570039272,0.249891311
2.5,202.5,-157.5,2.624238014,0.241751209
2.5,207.5,-152.5,2.625457048,0.230740994
2.5,212.5,-147.5,2.558710814,0.220032141
2.5,217.5,-142.5,2.466902494,0.208163321
2.5,222.5,-137.5,2.437066078,0.198077247
2.5,227.5,-132.5,2.500629902,0.190563008
2.5,232.5,-127.5,2.542517662,0.181247339
2.5,237.5,-122.5,2.512541294,0.1728331
2.5,242.5,-117.5,2.435647726,0.167056724
2.5,247.5,-112.5,2.27366972,0.162989095
2.5,252.5,-107.5,2.114497662,0.161964625
2.5,257.5,-102.5,2.063898563,0.162985072
2.5,262.5,-97.5,2.096279621,0.166344836
2.5,267.5,-92.5,2.128086567,0.172541931
2.5,272.5,-87.5,2.127735376,0.180498302
2.5,277.5,-82.5,2.118514061,0.186666831
2.5,282.5,-77.5,2.1547966,0.191639945
2.5,287.5,-72.5,2.206142902,0.197153926
2.5,292.5,-67.5,2.197642565,0.202161625
2.5,297.5,-62.5,2.215438843,0.208292454
2.5,302.5,-57.5,2.254663706,0.214596391
2.5,307.5,-52.5,2.230080843,0.221286282
2.5,312.5,-47.5,2.17686224,0.22938782
2.5,317.5,-42.5,2.174811602,0.236253098
2.5,322.5,-37.5,2.163953781,0.237459153
2.5,327.5,-32.5,2.13796401,0.238072783
2.5,332.5,-27.5,2.14397192,0.236581177
2.5,337.5,-22.5,2.232546806,0.238233224
2.5,342.5,-17.5,2.359706879,0.245565653
2.5,347.5,-12.5,2.465729237,0.249144599
2.5,352.5,-7.5,2.614459515,0.251457304
2.5,357.5,-2.5,2.742423773,0.25134477
7.5,2.5,2.5,2.734460354,0.249473616
7.5,7.5,7.5,2.799125433,0.24964793
7.5,12.5,12.5,2.794080257,0.245647565
7.5,17.5,17.5,2.71543479,0.237495974
7.5,22.5,22.5,2.611858606,0.228119001
7.5,27.5,27.5,2.582374096,0.222408623
7.5,32.5,32.5,2.613032818,0.219861925
7.5,37.5,37.5,2.536415815,0.215645969
7.5,42.5,42.5,2.332121849,0.209067404
7.5,47.5,47.5,2.17399621,0.204555482
7.5,52.5,52.5,2.056181192,0.201511696
7.5,57.5,57.5,1.937653065,0.199175179
7.5,62.5,62.5,1.832919955,0.197769508
7.5,67.5,67.5,1.809563041,0.20231764
7.5,72.5,72.5,1.818053365,0.208733216
7.5,77.5,77.5,1.806231856,0.215794519
7.5,82.5,82.5,1.780704021,0.221867517
7.5,87.5,87.5,1.790088534,0.224728942
7.5,92.5,92.5,1.879647136,0.229590774
7.5,97.5,97.5,2.019442558,0.236669362
7.5,102.5,102.5,2.14592886,0.240707234
7.5,107.5,107.5,2.240277529,0.242495418
7.5,112.5,112.5,2.285061836,0.242089629
7.5,117.5,117.5,2.338598728,0.243742988
7.5,122.5,122.5,2.412984848,0.246176243
7.5,127.5,127.5,2.463221788,0.247272342
7.5,132.5,132.5,2.451429367,0.246725172
7.5,137.5,137.5,2.406903505,0.24552162
7.5,142.5,142.5,2.415202618,0.243940756
7.5,147.5,147.5,2.451706171,0.244123697
7.5,152.5,152.5,2.453681707,0.244866803
7.5,157.5,157.5,2.523602724,0.245429009
7.5,162.5,162.5,2.667777538,0.2498191
7.5,167.5,167.5,2.748023748,0.253050864
7.5,172.5,172.5,2.84262681,0.257618904
7.5,177.5,177.5,2.934694767,0.263377398
7.5,182.5,-177.5,2.872478247,0.264003187
7.5,187.5,-172.5,2.691409826,0.259286195
7.5,192.5,-167.5,2.590220928,0.256541669
7.5,197.5,-162.5,2.593749762,0.253425509
7.5,202.5,-157.5,2.650223494,0.246487752
7.5,207.5,-152.5,2.644180059,0.238100097
7.5,212.5,-147.5,2.511548519,0.226094618
7.5,217.5,-142.5,2.402580738,0.213983744
7.5,222.5,-137.5,2.359904766,0.202266306
7.5,227.5,-132.5,2.42230916,0.193402231
7.5,232.5,-127.5,2.491904497,0.184526771
7.5,237.5,-122.5,2.471194506,0.176652491
7.5,242.5,-117.5,2.405561686,0.170874417
7.5,247.5,-112.5,2.30523324,0.166800886
7.5,252.5,-107.5,2.1550529,0.16468446
7.5,257.5,-102.5,2.043581009,0.164181009
7.5,262.5,-97.5,2.048092842,0.167132244
7.5,267.5,-92.5,2.097804785,0.173539266
7.5,272.5,-87.5,2.122195244,0.180859491
7.5,277.5,-82.5,2.138640881,0.188178524
7.5,282.5,-77.5,2.16858077,0.194586545
7.5,287.5,-72.5,2.182419062,0.19899036
7.5,292.5,-67.5,2.172753096,0.203753978
7.5,297.5,-62.5,2.221004486,0.21158731
7.5,302.5,-57.5,2.291962862,0.220218286
7.5,307.5,-52.5,2.290857077,0.228190377
7.5,312.5,-47.5,2.21404624,0.233972281
7.5,317.5,-42.5,2.173536777,0.239095628
7.5,322.5,-37.5,2.144258022,0.240153879
7.5,327.5,-32.5,2.119702101,0.240837634
7.5,332.5,-27.5,2.11160326,0.238604143
7.5,337.5,-22.5,2.198378325,0.2439325
7.5,342.5,-17.5,2.283073664,0.249768242
7.5,347.5,-12.5,2.369726658,0.253588587
7.5,352.5,-7.5,2.51251936,0.254538953
7.5,357.5,-2.5,2.661617517,0.252951533
12.5,2.5,2.5,2.703311682,0.252722681
12.5,7.5,7.5,2.769311428,0.251174748
12.5,12.5,12.5,2.78296566,0.248506606
12.5,17.5,17.5,2.734395266,0.240081087
12.5,22.5,22.5,2.609388828,0.230369464
12.5,27.5,27.5,2.516952515,0.224672154
12.5,32.5,32.5,2.491367102,0.222182557
12.5,37.5,37.5,2.422175884,0.219720557
12.5,42.5,42.5,2.262430191,0.212646678
12.5,47.5,47.5,2.135859013,0.206938013
12.5,52.5,52.5,2.024963379,0.202070117
12.5,57.5,57.5,1.883482814,0.199526638
12.5,62.5,62.5,1.77794981,0.20180127
12.5,67.5,67.5,1.741021156,0.204842463
12.5,72.5,72.5,1.732064486,0.211409554
12.5,77.5,77.5,1.733825803,0.219984457
12.5,82.5,82.5,1.765586495,0.225858763
12.5,87.5,87.5,1.81001687,0.228372425
12.5,92.5,92.5,1.925133228,0.234647006
12.5,97.5,97.5,2.058754921,0.241043657
12.5,102.5,102.5,2.148054361,0.246135011
12.5,107.5,107.5,2.210651875,0.249915898
12.5,112.5,112.5,2.273928642,0.250302315
12.5,117.5,117.5,2.338101387,0.247870833
12.5,122.5,122.5,2.39947319,0.247056887
12.5,127.5,127.5,2.454103947,0.248689264
12.5,132.5,132.5,2.470925808,0.249541342
12.5,137.5,137.5,2.423236609,0.246488526
12.5,142.5,142.5,2.423737526,0.244970232
12.5,147.5,147.5,2.440697908,0.24227497
12.5,152.5,152.5,2.440818548,0.241390154
12.5,157.5,157.5,2.476718664,0.240518972
12.5,162.5,162.5,2.591596127,0.241904199
12.5,167.5,167.5,2.688471556,0.246214598
12.5,172.5,172.5,2.782804489,0.252249539
12.5,177.5,177.5,2.877555847,0.259560347
12.5,182.5,-177.5,2.812368631,0.261450976
12.5,187.5,-172.5,2.67876792,0.26073426
12.5,192.5,-167.5,2.573950529,0.258235216
12.5,197.5,-162.5,2.544550896,0.253840297
12.5,202.5,-157.5,2.611240149,0.249427408
12.5,207.5,-152.5,2.58915925,0.242009729
12.5,212.5,-147.5,2.418931961,0.228360787
12.5,217.5,-142.5,2.262781143,0.214854345
12.5,222.5,-137.5,2.214321136,0.204861209
12.5,227.5,-132.5,2.297636032,0.196362495
12.5,232.5,-127.5,2.399012804,0.187220216
12.5,237.5,-122.5,2.40456605,0.179086968
12.5,242.5,-117.5,2.347541571,0.17316258
12.5,247.5,-112.5,2.256743431,0.168425739
12.5,252.5,-107.5,2.146656275,0.16634807
12.5,257.5,-102.5,2.053008318,0.165247962
12.5,262.5,-97.5,2.033490181,0.166369975
12.5,267.5,-92.5,2.081361294,0.17292887
12.5,272.5,-87.5,2.129245996,0.180999145
12.5,277.5,-82.5,2.15699482,0.18811217
12.5,282.5,-77.5,2.161568165,0.193994954
12.5,287.5,-72.5,2.151968718,0.198942617
12.5,292.5,-67.5,2.152711153,0.204813749
12.5,297.5,-62.5,2.202515125,0.212002024
12.5,302.5,-57.5,2.28316164,0.220933899
12.5,307.5,-52.5,2.309761524,0.231245339
12.5,312.5,-47.5,2.231652975,0.23822321
12.5,317.5,-42.5,2.148206472,0.241485804
12.5,322.5,-37.5,2.109365702,0.242896989
12.5,327.5,-32.5,2.101446867,0.24432753
12.5,332.5,-27.5,2.092298508,0.245024219
12.5,337.5,-22.5,2.116247892,0.24908939
12.5,342.5,-17.5,2.174823523,0.25598985
12.5,347.5,-12.5,2.232562542,0.257914543
12.5,352.5,-7.5,2.384576082,0.258435428
12.5,357.5,-2.5,2.560343742,0.255585074
17.5,2.5,2.5,2.661913633,0.255567729
17.5,7.5,7.5,2.692149639,0.250958443
17.5,12.5,12.5,2.677419186,0.246670946
17.5,17.5,17.5,2.644170046,0.239275455
17.5,22.5,22.5,2.561833858,0.23202616
17.5,27.5,27.5,2.45464921,0.226767689
17.5,32.5,32.5,2.367379189,0.222205758
17.5,37.5,37.5,2.275793552,0.219921991
17.5,42.5,42.5,2.160898447,0.215477958
17.5,47.5,47.5,2.083958387,0.209513247
17.5,52.5,52.5,1.994976997,0.203966126
17.5,57.5,57.5,1.854397178,0.202301726
17.5,62.5,62.5,1.741367102,0.204791516
17.5,67.5,67.5,1.717203975,0.209131077
17.5,72.5,72.5,1.743918896,0.217451483
17.5,77.5,77.5,1.768838763,0.225754812
17.5,82.5,82.5,1.792457581,0.230400801
17.5,87.5,87.5,1.849420786,0.235745341
17.5,92.5,92.5,1.953429699,0.241829023
17.5,97.5,97.5,2.073233366,0.248065978
17.5,102.5,102.5,2.150228024,0.253829509
17.5,107.5,107.5,2.194237709,0.256627589
17.5,112.5,112.5,2.255049467,0.254922926
17.5,117.5,117.5,2.329479218,0.251919955
17.5,122.5,122.5,2.359385967,0.247723296
17.5,127.5,127.5,2.390401363,0.246598065
17.5,132.5,132.5,2.420496702,0.247243017
17.5,137.5,137.5,2.434021473,0.247669131
17.5,142.5,142.5,2.435642004,0.246768594
17.5,147.5,147.5,2.422410965,0.243611485
17.5,152.5,152.5,2.398171902,0.240490198
17.5,157.5,157.5,2.399181366,0.237407669
17.5,162.5,162.5,2.451040983,0.23468104
17.5,167.5,167.5,2.55587101,0.239289537
17.5,172.5,172.5,2.640725374,0.245206013
17.5,177.5,177.5,2.676151276,0.251055926
17.5,182.5,-177.5,2.607710123,0.254530936
17.5,187.5,-172.5,2.549841404,0.258430451
17.5,192.5,-167.5,2.474481583,0.256667137
17.5,197.5,-162.5,2.436794519,0.253041297
17.5,202.5,-157.5,2.460017443,0.248290658
17.5,207.5,-152.5,2.428217649,0.23969464
17.5,212.5,-147.5,2.298240423,0.228162274
17.5,217.5,-142.5,2.141185999,0.216491237
17.5,222.5,-137.5,2.09823513,0.208984509
17.5,227.5,-132.5,2.174359083,0.200232297
17.5,232.5,-127.5,2.276311874,0.189531922
17.5,237.5,-122.5,2.325460672,0.18263106
17.5,242.5,-117.5,2.258640766,0.176751181
17.5,247.5,-112.5,2.133541822,0.170552835
17.5,252.5,-107.5,2.057494879,0.167167842
17.5,257.5,-102.5,2.040781498,0.165936679
17.5,262.5,-97.5,2.03960681,0.167267859
17.5,267.5,-92.5,2.046956539,0.172553137
17.5,272.5,-87.5,2.080475807,0.179228395
17.5,277.5,-82.5,2.115725756,0.185833037
17.5,282.5,-77.5,2.107854366,0.191145137
17.5,287.5,-72.5,2.106861591,0.196994931
17.5,292.5,-67.5,2.132921457,0.203515202
17.5,297.5,-62.5,2.192107677,0.212165818
17.5,302.5,-57.5,2.262940407,0.221657202
17.5,307.5,-52.5,2.261033773,0.230145305
17.5,312.5,-47.5,2.140748024,0.235658601
17.5,317.5,-42.5,2.047087431,0.240557134
17.5,322.5,-37.5,2.038511515,0.244361624
17.5,327.5,-32.5,2.087123394,0.249446288
17.5,332.5,-27.5,2.103620768,0.253095508
17.5,337.5,-22.5,2.112117052,0.258936405
17.5,342.5,-17.5,2.140693426,0.263096005
17.5,347.5,-12.5,2.193243265,0.263429791
17.5,352.5,-7.5,2.321940184,0.261567146
17.5,357.5,-2.5,2.529614449,0.260629445
22.5,2.5,2.5,2.62631464,0.257919252
22.5,7.5,7.5,2.664671898,0.255485058
22.5,12.5,12.5,2.565490007,0.247540966
22.5,17.5,17.5,2.450336456,0.238438711
22.5,22.5,22.5,2.399431705,0.232739642
22.5,27.5,27.5,2.330054998,0.228646994
22.5,32.5,32.5,2.217530727,0.224534437
22.5,37.5,37.5,2.108716726,0.221872434
22.5,42.5,42.5,1.994030833,0.217294797
22.5,47.5,47.5,1.918562412,0.210490361
22.5,52.5,52.5,1.872846723,0.205900371
22.5,57.5,57.5,1.803935051,0.206417784
22.5,62.5,62.5,1.731374145,0.209489062
22.5,67.5,67.5,1.713722348,0.213937461
22.5,72.5,72.5,1.747441173,0.220467299
22.5,77.5,77.5,1.782868624,0.229440913
22.5,82.5,82.5,1.786407232,0.235287294
22.5,87.5,87.5,1.823446989,0.240095451
22.5,92.5,92.5,1.905576468,0.245970368
22.5,97.5,97.5,2.000832558,0.254454345
22.5,102.5,102.5,2.063368797,0.260221094
22.5,107.5,107.5,2.137077093,0.263674587
22.5,112.5,112.5,2.19960022,0.259762913
22.5,117.5,117.5,2.26243329,0.25570637
22.5,122.5,122.5,2.281087875,0.251078129
22.5,127.5,127.5,2.309535265,0.249498785
22.5,132.5,132.5,2.367139339,0.251567811
22.5,137.5,137.5,2.413284779,0.253438115
22.5,142.5,142.5,2.42226696,0.253904253
22.5,147.5,147.5,2.387220144,0.249495313
22.5,152.5,152.5,2.346595287,0.244257316
22.5,157.5,157.5,2.317543507,0.239745021
22.5,162.5,162.5,2.359390259,0.240418673
22.5,167.5,167.5,2.403432369,0.239915133
22.5,172.5,172.5,2.481154442,0.244920954
22.5,177.5,177.5,2.472251892,0.249876276
22.5,182.5,-177.5,2.40496397,0.253902286
22.5,187.5,-172.5,2.40413022,0.25934726
22.5,192.5,-167.5,2.407436609,0.260692567
22.5,197.5,-162.5,2.36882782,0.257816076
22.5,202.5,-157.5,2.318063259,0.252406418
22.5,207.5,-152.5,2.258068323,0.243402854
22.5,212.5,-147.5,2.19699502,0.235280439
22.5,217.5,-142.5,2.1213727,0.22665967
22.5,222.5,-137.5,2.077204704,0.219117522
22.5,227.5,-132.5,2.10982728,0.210536495
22.5,232.5,-127.5,2.206658602,0.199257404
22.5,237.5,-122.5,2.235883951,0.191191241
22.5,242.5,-117.5,2.124555111,0.18392247
22.5,247.5,-112.5,2.018872023,0.178170398
22.5,252.5,-107.5,1.989823461,0.174282864
22.5,257.5,-102.5,1.994740367,0.171157137
22.5,262.5,-97.5,2.007041931,0.172225341
22.5,267.5,-92.5,2.000300646,0.175118953
22.5,272.5,-87.5,2.02438426,0.179740474
22.5,277.5,-82.5,2.047484159,0.185205653
22.5,282.5,-77.5,2.023569345,0.188822135
22.5,287.5,-72.5,2.057823181,0.194556713
22.5,292.5,-67.5,2.145567179,0.202785984
22.5,297.5,-62.5,2.197468281,0.211918235
22.5,302.5,-57.5,2.222458601,0.221028075
22.5,307.5,-52.5,2.176515579,0.22757645
22.5,312.5,-47.5,2.072970152,0.234006345
22.5,317.5,-42.5,2.02805829,0.241516009
22.5,322.5,-37.5,2.056321383,0.249740407
22.5,327.5,-32.5,2.107692242,0.257002562
22.5,332.5,-27.5,2.177761078,0.262534082
22.5,337.5,-22.5,2.24294281,0.267208338
22.5,342.5,-17.5,2.272418261,0.268933177
22.5,347.5,-12.5,2.325195313,0.269437164
22.5,352.5,-7.5,2.413541794,0.266694188
22.5,357.5,-2.5,2.51789546,0.261367947
27.5,2.5,2.5,2.503756285,0.254268289
27.5,7.5,7.5,2.528865814,0.25187254
27.5,12.5,12.5,2.423325777,0.246221915
27.5,17.5,17.5,2.243557453,0.236985981
27.5,22.5,22.5,2.179136276,0.230812997
27.5,27.5,27.5,2.151614428,0.227701902
27.5,32.5,32.5,2.030712366,0.224763438
27.5,37.5,37.5,1.877004981,0.219722047
27.5,42.5,42.5,1.7514292,0.214947075
27.5,47.5,47.5,1.688354611,0.210149705
27.5,52.5,52.5,1.698227763,0.206537142
27.5,57.5,57.5,1.734705091,0.208659843
27.5,62.5,62.5,1.737462044,0.213627353
27.5,67.5,67.5,1.704978704,0.217447832
27.5,72.5,72.5,1.68032825,0.220377505
27.5,77.5,77.5,1.704859257,0.227693096
27.5,82.5,82.5,1.728313446,0.234252587
27.5,87.5,87.5,1.772553325,0.240260392
27.5,92.5,92.5,1.851879716,0.248791426
27.5,97.5,97.5,1.90584743,0.257158846
27.5,102.5,102.5,1.970570683,0.264443755
27.5,107.5,107.5,2.084502935,0.268631786
27.5,112.5,112.5,2.165258408,0.26829803
27.5,117.5,117.5,2.184504986,0.264374882
27.5,122.5,122.5,2.200315714,0.260099173
27.5,127.5,127.5,2.259724379,0.261223048
27.5,132.5,132.5,2.30922246,0.262410343
27.5,137.5,137.5,2.354753017,0.262581855
27.5,142.5,142.5,2.397659063,0.263915181
27.5,147.5,147.5,2.365826845,0.258524925
27.5,152.5,152.5,2.318530321,0.251103431
27.5,157.5,157.5,2.317106247,0.248125613
27.5,162.5,162.5,2.347739458,0.24919185
27.5,167.5,167.5,2.389987469,0.250848323
27.5,172.5,172.5,2.419653416,0.254188567
27.5,177.5,177.5,2.393431187,0.259827137
27.5,182.5,-177.5,2.359868288,0.265825689
27.5,187.5,-172.5,2.348609924,0.269260675
27.5,192.5,-167.5,2.335058451,0.269868642
27.5,197.5,-162.5,2.284571409,0.26711753
27.5,202.5,-157.5,2.210085869,0.262419403
27.5,207.5,-152.5,2.1367414,0.255558312
27.5,212.5,-147.5,2.101102352,0.248840138
27.5,217.5,-142.5,2.102427244,0.24046503
27.5,222.5,-137.5,2.08573699,0.233205423
27.5,227.5,-132.5,2.059051752,0.223647967
27.5,232.5,-127.5,2.11994791,0.21220465
27.5,237.5,-122.5,2.115926981,0.201886028
27.5,242.5,-117.5,2.016427755,0.193472385
27.5,247.5,-112.5,1.956930399,0.188027829
27.5,252.5,-107.5,1.946176648,0.183800966
27.5,257.5,-102.5,1.965102792,0.180366337
27.5,262.5,-97.5,2.008517504,0.182221338
27.5,267.5,-92.5,2.035011768,0.184232801
27.5,272.5,-87.5,2.053414106,0.186725065
27.5,277.5,-82.5,2.0360744,0.189582005
27.5,282.5,-77.5,2.037242889,0.192939222
27.5,287.5,-72.5,2.102955103,0.198137671
27.5,292.5,-67.5,2.164936781,0.204570308
27.5,297.5,-62.5,2.189279079,0.212634131
27.5,302.5,-57.5,2.207227707,0.221974358
27.5,307.5,-52.5,2.151796579,0.229411662
27.5,312.5,-47.5,2.079896688,0.235561326
27.5,317.5,-42.5,2.110815048,0.24538964
27.5,322.5,-37.5,2.170280695,0.256361395
27.5,327.5,-32.5,2.156793594,0.261608362
27.5,332.5,-27.5,2.234836817,0.269438148
27.5,337.5,-22.5,2.363898754,0.273143709
27.5,342.5,-17.5,2.407791376,0.271801621
27.5,347.5,-12.5,2.444213629,0.270726323
27.5,352.5,-7.5,2.494492054,0.268311143
27.5,357.5,-2.5,2.474966764,0.259324849
32.5,2.5,2.5,2.374876738,0.254307151
32.5,7.5,7.5,2.357345104,0.250488847
32.5,12.5,12.5,2.256521225,0.247297674
32.5,17.5,17.5,2.096968651,0.240560561
32.5,22.5,22.5,2.038496256,0.236259773
32.5,27.5,27.5,2.023683786,0.233178899
32.5,32.5,32.5,1.909894824,0.227890611
32.5,37.5,37.5,1.731639981,0.221895769
32.5,42.5,42.5,1.619042277,0.218198627
32.5,47.5,47.5,1.58349514,0.214978546
32.5,52.5,52.5,1.619125009,0.213559255
32.5,57.5,57.5,1.673250318,0.21418874
32.5,62.5,62.5,1.699406624,0.218297482
32.5,67.5,67.5,1.674516201,0.222300097
32.5,72.5,72.5,1.645412445,0.225265875
32.5,77.5,77.5,1.660533071,0.229349658
32.5,82.5,82.5,1.693509698,0.235519126
32.5,87.5,87.5,1.718234062,0.24278298
32.5,92.5,92.5,1.791936755,0.253926903
32.5,97.5,97.5,1.870433569,0.263611138
32.5,102.5,102.5,1.95683825,0.272387862
32.5,107.5,107.5,2.083530188,0.278935373
32.5,112.5,112.5,2.154484749,0.281706095
32.5,117.5,117.5,2.119965553,0.277469397
32.5,122.5,122.5,2.144204617,0.275964826
32.5,127.5,127.5,2.225409746,0.27788198
32.5,132.5,132.5,2.268032074,0.278328478
32.5,137.5,137.5,2.315860987,0.279797375
32.5,142.5,142.5,2.354192019,0.278103501
32.5,147.5,147.5,2.355710268,0.271543384
32.5,152.5,152.5,2.376013041,0.26752609
32.5,157.5,157.5,2.40273118,0.266130447
32.5,162.5,162.5,2.40229702,0.266590893
32.5,167.5,167.5,2.425854921,0.268611997
32.5,172.5,172.5,2.442214489,0.271559328
32.5,177.5,177.5,2.392106056,0.27627933
32.5,182.5,-177.5,2.334857225,0.281657755
32.5,187.5,-172.5,2.297879934,0.28626895
32.5,192.5,-167.5,2.262118101,0.288724095
32.5,197.5,-162.5,2.196158886,0.286005646
32.5,202.5,-157.5,2.130050659,0.282525182
32.5,207.5,-152.5,2.079431772,0.278065056
32.5,212.5,-147.5,2.058411121,0.26845932
32.5,217.5,-142.5,2.06106329,0.256756663
32.5,222.5,-137.5,2.053159475,0.2502397
32.5,227.5,-132.5,1.983652115,0.238423184
32.5,232.5,-127.5,1.990521669,0.227791563
32.5,237.5,-122.5,1.993552566,0.217424735
32.5,242.5,-117.5,1.962281942,0.208621249
32.5,247.5,-112.5,1.929262757,0.201434463
32.5,252.5,-107.5,1.922870874,0.196174785
32.5,257.5,-102.5,1.966022015,0.193645149
32.5,262.5,-97.5,2.030571222,0.195342347
32.5,267.5,-92.5,2.083566189,0.196759522
32.5,272.5,-87.5,2.107087374,0.198213279
32.5,277.5,-82.5,2.092995167,0.200590223
32.5,282.5,-77.5,2.12897563,0.206064343
32.5,287.5,-72.5,2.165553093,0.210616261
32.5,292.5,-67.5,2.173627853,0.216125399
32.5,297.5,-62.5,2.188773394,0.224499211
32.5,302.5,-57.5,2.202099085,0.231723532
32.5,307.5,-52.5,2.161313057,0.235914961
32.5,312.5,-47.5,2.122559786,0.240658283
32.5,317.5,-42.5,2.165543556,0.24926281
32.5,322.5,-37.5,2.220179081,0.260818332
32.5,327.5,-32.5,2.191726685,0.26672864
32.5,332.5,-27.5,2.262737751,0.275396615
32.5,337.5,-22.5,2.404598951,0.280213118
32.5,342.5,-17.5,2.453074932,0.277174681
32.5,347.5,-12.5,2.451703072,0.274866551
32.5,352.5,-7.5,2.44029808,0.270892948
32.5,357.5,-2.5,2.386173725,0.260646224
37.5,2.5,2.5,2.237220526,0.261349648
37.5,7.5,7.5,2.228572845,0.259896994
37.5,12.5,12.5,2.169566154,0.256390244
37.5,17.5,17.5,2.055612564,0.249680176
37.5,22.5,22.5,1.97157681,0.244588375
37.5,27.5,27.5,1.943529963,0.241548717
37.5,32.5,32.5,1.871293664,0.237380087
37.5,37.5,37.5,1.731225967,0.231405184
37.5,42.5,42.5,1.647827148,0.228365585
37.5,47.5,47.5,1.601893067,0.225956842
37.5,52.5,52.5,1.593232751,0.225796729
37.5,57.5,57.5,1.613661766,0.226877213
37.5,62.5,62.5,1.613031983,0.229593426
37.5,67.5,67.5,1.634933233,0.234101683
37.5,72.5,72.5,1.652767301,0.237214416
37.5,77.5,77.5,1.644001842,0.241193071
37.5,82.5,82.5,1.625063539,0.244818568
37.5,87.5,87.5,1.653589964,0.2516056
37.5,92.5,92.5,1.73325181,0.262144387
37.5,97.5,97.5,1.838912487,0.273740113
37.5,102.5,102.5,1.950852871,0.283324599
37.5,107.5,107.5,2.055779457,0.293009549
37.5,112.5,112.5,2.116542816,0.296334684
37.5,117.5,117.5,2.127536535,0.296258867
37.5,122.5,122.5,2.140482664,0.29592815
37.5,127.5,127.5,2.202701569,0.297818452
37.5,132.5,132.5,2.253880262,0.29950875
37.5,137.5,137.5,2.286988735,0.298753083
37.5,142.5,142.5,2.326582193,0.296770483
37.5,147.5,147.5,2.39298439,0.292678177
37.5,152.5,152.5,2.45195055,0.289589792
37.5,157.5,157.5,2.482155561,0.291999578
37.5,162.5,162.5,2.459460497,0.292851806
37.5,167.5,167.5,2.490897179,0.297334313
37.5,172.5,172.5,2.515758514,0.301163584
37.5,177.5,177.5,2.478280783,0.305899888
37.5,182.5,-177.5,2.392643929,0.30956161
37.5,187.5,-172.5,2.29518652,0.312947094
37.5,192.5,-167.5,2.213937521,0.315845847
37.5,197.5,-162.5,2.133177996,0.31398508
37.5,202.5,-157.5,2.066023111,0.312050998
37.5,207.5,-152.5,2.017176867,0.306659967
37.5,212.5,-147.5,2.005062103,0.293838292
37.5,217.5,-142.5,2.004320621,0.280400097
37.5,222.5,-137.5,1.972002029,0.272364706
37.5,227.5,-132.5,1.903772354,0.259501696
37.5,232.5,-127.5,1.881943226,0.247239769
37.5,237.5,-122.5,1.882476568,0.234942421
37.5,242.5,-117.5,1.889128208,0.224474728
37.5,247.5,-112.5,1.903642654,0.216565192
37.5,252.5,-107.5,1.942345142,0.21327427
37.5,257.5,-102.5,1.954716444,0.208999261
37.5,262.5,-97.5,2.023463726,0.209624991
37.5,267.5,-92.5,2.119856596,0.212870359
37.5,272.5,-87.5,2.176002741,0.216353387
37.5,277.5,-82.5,2.178500891,0.220697731
37.5,282.5,-77.5,2.185814619,0.226519376
37.5,287.5,-72.5,2.15926075,0.228448957
37.5,292.5,-67.5,2.154109478,0.233120978
37.5,297.5,-62.5,2.184638262,0.238236278
37.5,302.5,-57.5,2.194689751,0.241559446
37.5,307.5,-52.5,2.155627489,0.245558813
37.5,312.5,-47.5,2.149001837,0.251445144
37.5,317.5,-42.5,2.201916218,0.258678883
37.5,322.5,-37.5,2.252838373,0.268560231
37.5,327.5,-32.5,2.23886013,0.277310997
37.5,332.5,-27.5,2.2912848,0.285799325
37.5,337.5,-22.5,2.376773834,0.289307088
37.5,342.5,-17.5,2.385445595,0.285493165
37.5,347.5,-12.5,2.402560949,0.284222543
37.5,352.5,-7.5,2.357637405,0.280341923
37.5,357.5,-2.5,2.270200968,0.269045085
42.5,2.5,2.5,2.115586519,0.278170615
42.5,7.5,7.5,2.12424612,0.277307361
42.5,12.5,12.5,2.146371841,0.274825931
42.5,17.5,17.5,2.089904547,0.268744588
42.5,22.5,22.5,2.012300014,0.263323754
42.5,27.5,27.5,1.970003247,0.258688152
42.5,32.5,32.5,1.913642406,0.255163133
42.5,37.5,37.5,1.811396956,0.250990123
42.5,42.5,42.5,1.706790924,0.246335819
42.5,47.5,47.5,1.632468343,0.245415136
42.5,52.5,52.5,1.597883821,0.246418983
42.5,57.5,57.5,1.584590673,0.247584954
42.5,62.5,62.5,1.580917954,0.250387937
42.5,67.5,67.5,1.622722387,0.254570842
42.5,72.5,72.5,1.657250524,0.256308913
42.5,77.5,77.5,1.637525201,0.258955151
42.5,82.5,82.5,1.58055222,0.261651516
42.5,87.5,87.5,1.598029137,0.268443823
42.5,92.5,92.5,1.697057366,0.279614955
42.5,97.5,97.5,1.820850968,0.292114079
42.5,102.5,102.5,1.925006628,0.299837947
42.5,107.5,107.5,2.016305208,0.309479535
42.5,112.5,112.5,2.089309454,0.31890747
42.5,117.5,117.5,2.131812096,0.322521448
42.5,122.5,122.5,2.153336525,0.323356152
42.5,127.5,127.5,2.208749533,0.326951861
42.5,132.5,132.5,2.262741327,0.327618539
42.5,137.5,137.5,2.289405823,0.319166392
42.5,142.5,142.5,NaN,NaN
42.5,147.5,147.5,NaN,NaN
42.5,152.5,152.5,NaN,NaN
42.5,157.5,157.5,NaN,NaN
42.5,162.5,162.5,NaN,NaN
42.5,167.5,167.5,2.551238298,0.332818598
42.5,172.5,172.5,2.552536488,0.338985205
42.5,177.5,177.5,2.507685423,0.341894031
42.5,182.5,-177.5,2.400479317,0.341977
42.5,187.5,-172.5,2.272807121,0.34076333
42.5,192.5,-167.5,2.195911884,0.344246387
42.5,197.5,-162.5,NaN,NaN
42.5,202.5,-157.5,NaN,NaN
42.5,207.5,-152.5,NaN,NaN
42.5,212.5,-147.5,NaN,NaN
42.5,217.5,-142.5,NaN,NaN
42.5,222.5,-137.5,NaN,NaN
42.5,227.5,-132.5,NaN,NaN
42.5,232.5,-127.5,NaN,NaN
42.5,237.5,-122.5,NaN,NaN
42.5,242.5,-117.5,NaN,NaN
42.5,247.5,-112.5,NaN,NaN
42.5,252.5,-107.5,1.957120299,0.22992
42.5,257.5,-102.5,1.945499301,0.22545357
42.5,262.5,-97.5,2.033481359,0.228197575
42.5,267.5,-92.5,2.158744335,0.234285623
42.5,272.5,-87.5,2.218452454,0.239369556
42.5,277.5,-82.5,2.193603516,0.2438135
42.5,282.5,-77.5,2.146001101,0.248270348
42.5,287.5,-72.5,2.138985872,0.250797302
42.5,292.5,-67.5,2.16711235,0.253285438
42.5,297.5,-62.5,2.205236673,0.256558865
42.5,302.5,-57.5,2.194854736,0.25855583
42.5,307.5,-52.5,2.178634405,0.263514102
42.5,312.5,-47.5,2.199164391,0.269203722
42.5,317.5,-42.5,2.235973597,0.274633527
42.5,322.5,-37.5,2.272192955,0.282279968
42.5,327.5,-32.5,2.288013935,0.290778071
42.5,332.5,-27.5,2.334908962,0.299408883
42.5,337.5,-22.5,2.357580185,0.301670164
42.5,342.5,-17.5,2.313399792,0.299364209
42.5,347.5,-12.5,2.292780876,0.298606455
42.5,352.5,-7.5,2.276796341,0.295800179
42.5,357.5,-2.5,2.196009398,0.286011487
47.5,2.5,2.5,2.150912762,0.305513173
47.5,7.5,7.5,2.15024066,0.303098232
47.5,12.5,12.5,2.16895628,0.300369143
47.5,17.5,17.5,2.134168625,0.294900179
47.5,22.5,22.5,2.071864128,0.288487315
47.5,27.5,27.5,2.03119874,0.284344703
47.5,32.5,32.5,1.967928171,0.283140749
47.5,37.5,37.5,1.861721039,0.279319137
47.5,42.5,42.5,1.727567315,0.273171037
47.5,47.5,47.5,1.625755906,0.271932334
47.5,52.5,52.5,1.587792158,0.273002476
47.5,57.5,57.5,1.560585141,0.274578393
47.5,62.5,62.5,1.57575047,0.279454291
47.5,67.5,67.5,1.630773544,0.284645289
47.5,72.5,72.5,1.687561035,0.287752569
47.5,77.5,77.5,1.684190154,0.289826155
47.5,82.5,82.5,1.612926245,0.290500045
47.5,87.5,87.5,1.616993308,0.298129886
47.5,92.5,92.5,1.708468914,0.310175866
47.5,97.5,97.5,1.828140497,0.319882065
47.5,102.5,102.5,1.943813324,0.327872634
47.5,107.5,107.5,2.039079905,0.338026404
47.5,112.5,112.5,2.1035707,0.352619141
47.5,117.5,117.5,2.129083633,0.360949814
47.5,122.5,122.5,2.126306057,0.357187092
47.5,127.5,127.5,2.187463045,0.357573539
47.5,132.5,132.5,NaN,NaN
47.5,137.5,137.5,NaN,NaN
47.5,142.5,142.5,NaN,NaN
47.5,147.5,147.5,NaN,NaN
47.5,152.5,152.5,NaN,NaN
47.5,157.5,157.5,NaN,NaN
47.5,162.5,162.5,NaN,NaN
47.5,167.5,167.5,NaN,NaN
47.5,172.5,172.5,NaN,NaN
47.5,177.5,177.5,NaN,NaN
47.5,182.5,-177.5,NaN,NaN
47.5,187.5,-172.5,NaN,NaN
47.5,192.5,-167.5,NaN,NaN
47.5,197.5,-162.5,NaN,NaN
47.5,202.5,-157.5,NaN,NaN
47.5,207.5,-152.5,NaN,NaN
47.5,212.5,-147.5,NaN,NaN
47.5,217.5,-142.5,NaN,NaN
47.5,222.5,-137.5,NaN,NaN
47.5,227.5,-132.5,NaN,NaN
47.5,232.5,-127.5,NaN,NaN
47.5,237.5,-122.5,NaN,NaN
47.5,242.5,-117.5,NaN,NaN
47.5,247.5,-112.5,NaN,NaN
47.5,252.5,-107.5,NaN,NaN
47.5,257.5,-102.5,NaN,NaN
47.5,262.5,-97.5,NaN,NaN
47.5,267.5,-92.5,NaN,NaN
47.5,272.5,-87.5,NaN,NaN
47.5,277.5,-82.5,NaN,NaN
47.5,282.5,-77.5,2.108718157,0.27038613
47.5,287.5,-72.5,2.163034201,0.278064579
47.5,292.5,-67.5,2.198364735,0.279024512
47.5,297.5,-62.5,2.227517128,0.2824727
47.5,302.5,-57.5,2.223289251,0.285365015
47.5,307.5,-52.5,2.229424,0.289619565
47.5,312.5,-47.5,2.270900249,0.295185089
47.5,317.5,-42.5,2.314538002,0.301044643
47.5,322.5,-37.5,2.342726469,0.308066458
47.5,327.5,-32.5,2.348069668,0.312646896
47.5,332.5,-27.5,2.37874341,0.318585366
47.5,337.5,-22.5,2.408261299,0.325909108
47.5,342.5,-17.5,2.36712575,0.327156126
47.5,347.5,-12.5,2.274994135,0.322349042
47.5,352.5,-7.5,2.257381916,0.319478929
47.5,357.5,-2.5,2.233472109,0.314171404
52.5,2.5,2.5,NaN,NaN
52.5,7.5,7.5,NaN,NaN
52.5,12.5,12.5,NaN,NaN
52.5,17.5,17.5,NaN,NaN
52.5,22.5,22.5,NaN,NaN
52.5,27.5,27.5,2.047313452,0.30914399
52.5,32.5,32.5,1.956246495,0.308211684
52.5,37.5,37.5,1.831030488,0.3047975
52.5,42.5,42.5,1.688998342,0.298959792
52.5,47.5,47.5,1.599474311,0.299065053
52.5,52.5,52.5,1.567712545,0.303512186
52.5,57.5,57.5,1.540513515,0.307353646
52.5,62.5,62.5,1.55337882,0.313983738
52.5,67.5,67.5,1.617524981,0.319837034
52.5,72.5,72.5,1.695191622,0.324075133
52.5,77.5,77.5,1.699376583,0.322438359
52.5,82.5,82.5,1.647623539,0.322586566
52.5,87.5,87.5,1.643307209,0.328463674
52.5,92.5,92.5,1.718834639,0.338252127
52.5,97.5,97.5,1.831776857,0.346647441
52.5,102.5,102.5,NaN,NaN
52.5,107.5,107.5,NaN,NaN
52.5,112.5,112.5,NaN,NaN
52.5,117.5,117.5,NaN,NaN
52.5,122.5,122.5,NaN,NaN
52.5,127.5,127.5,NaN,NaN
52.5,132.5,132.5,NaN,NaN
52.5,137.5,137.5,NaN,NaN
52.5,142.5,142.5,NaN,NaN
52.5,147.5,147.5,NaN,NaN
52.5,152.5,152.5,NaN,NaN
52.5,157.5,157.5,NaN,NaN
52.5,162.5,162.5,NaN,NaN
52.5,167.5,167.5,NaN,NaN
52.5,172.5,172.5,NaN,NaN
52.5,177.5,177.5,NaN,NaN
52.5,182.5,-177.5,NaN,NaN
52.5,187.5,-172.5,NaN,NaN
52.5,192.5,-167.5,NaN,NaN
52.5,197.5,-162.5,NaN,NaN
52.5,202.5,-157.5,NaN,NaN
52.5,207.5,-152.5,NaN,NaN
52.5,212.5,-147.5,NaN,NaN
52.5,217.5,-142.5,NaN,NaN
52.5,222.5,-137.5,NaN,NaN
52.5,227.5,-132.5,NaN,NaN
52.5,232.5,-127.5,NaN,NaN
52.5,237.5,-122.5,NaN,NaN
52.5,242.5,-117.5,NaN,NaN
52.5,247.5,-112.5,NaN,NaN
52.5,252.5,-107.5,NaN,NaN
52.5,257.5,-102.5,NaN,NaN
52.5,262.5,-97.5,NaN,NaN
52.5,267.5,-92.5,NaN,NaN
52.5,272.5,-87.5,NaN,NaN
52.5,277.5,-82.5,NaN,NaN
52.5,282.5,-77.5,NaN,NaN
52.5,287.5,-72.5,NaN,NaN
52.5,292.5,-67.5,NaN,NaN
52.5,297.5,-62.5,2.23670435,0.309973925
52.5,302.5,-57.5,2.275769234,0.319378406
52.5,307.5,-52.5,2.31638217,0.327350974
52.5,312.5,-47.5,2.360920906,0.331723958
52.5,317.5,-42.5,2.417633295,0.338615119
52.5,322.5,-37.5,2.450945139,0.344306856
52.5,327.5,-32.5,2.443620682,0.344866663
52.5,332.5,-27.5,2.449066877,0.349349111
52.5,337.5,-22.5,2.43497467,0.354164094
52.5,342.5,-17.5,2.394622803,0.357020169
52.5,347.5,-12.5,2.332765818,0.352452517
52.5,352.5,-7.5,2.298703432,0.345482588
52.5,357.5,-2.5,NaN,NaN
57.5,2.5,2.5,NaN,NaN
57.5,7.5,7.5,NaN,NaN
57.5,12.5,12.5,NaN,NaN
57.5,17.5,17.5,NaN,NaN
57.5,22.5,22.5,NaN,NaN
57.5,27.5,27.5,NaN,NaN
57.5,32.5,32.5,NaN,NaN
57.5,37.5,37.5,NaN,NaN
57.5,42.5,42.5,NaN,NaN
57.5,47.5,47.5,NaN,NaN
57.5,52.5,52.5,NaN,NaN
57.5,57.5,57.5,NaN,NaN
57.5,62.5,62.5,NaN,NaN
57.5,67.5,67.5,NaN,NaN
57.5,72.5,72.5,NaN,NaN
57.5,77.5,77.5,NaN,NaN
57.5,82.5,82.5,NaN,NaN
57.5,87.5,87.5,NaN,NaN
57.5,92.5,92.5,NaN,NaN
57.5,97.5,97.5,NaN,NaN
57.5,102.5,102.5,NaN,NaN
57.5,107.5,107.5,NaN,NaN
57.5,112.5,112.5,NaN,NaN
57.5,117.5,117.5,NaN,NaN
57.5,122.5,122.5,NaN,NaN
57.5,127.5,127.5,NaN,NaN
57.5,132.5,132.5,NaN,NaN
57.5,137.5,137.5,NaN,NaN
57.5,142.5,142.5,NaN,NaN
57.5,147.5,147.5,NaN,NaN
57.5,152.5,152.5,NaN,NaN
57.5,157.5,157.5,NaN,NaN
57.5,162.5,162.5,NaN,NaN
57.5,167.5,167.5,NaN,NaN
57.5,172.5,172.5,NaN,NaN
57.5,177.5,177.5,NaN,NaN
57.5,182.5,-177.5,NaN,NaN
57.5,187.5,-172.5,NaN,NaN
57.5,192.5,-167.5,NaN,NaN
57.5,197.5,-162.5,NaN,NaN
57.5,202.5,-157.5,NaN,NaN
57.5,207.5,-152.5,NaN,NaN
57.5,212.5,-147.5,NaN,NaN
57.5,217.5,-142.5,NaN,NaN
57.5,222.5,-137.5,NaN,NaN
57.5,227.5,-132.5,NaN,NaN
57.5,232.5,-127.5,NaN,NaN
57.5,237.5,-122.5,NaN,NaN
57.5,242.5,-117.5,NaN,NaN
57.5,247.5,-112.5,NaN,NaN
57.5,252.5,-107.5,NaN,NaN
57.5,257.5,-102.5,NaN,NaN
57.5,262.5,-97.5,NaN,NaN
57.5,267.5,-92.5,NaN,NaN
57.5,272.5,-87.5,NaN,NaN
57.5,277.5,-82.5,NaN,NaN
57.5,282.5,-77.5,NaN,NaN
57.5,287.5,-72.5,NaN,NaN
57.5,292.5,-67.5,NaN,NaN
57.5,297.5,-62.5,NaN,NaN
57.5,302.5,-57.5,NaN,NaN
57.5,307.5,-52.5,NaN,NaN
57.5,312.5,-47.5,NaN,NaN
57.5,317.5,-42.5,NaN,NaN
57.5,322.5,-37.5,NaN,NaN
57.5,327.5,-32.5,NaN,NaN
57.5,332.5,-27.5,NaN,NaN
57.5,337.5,-22.5,NaN,NaN
57.5,342.5,-17.5,NaN,NaN
57.5,347.5,-12.5,NaN,NaN
57.5,352.5,-7.5,NaN,NaN
57.5,357.5,-2.5,NaN,NaN
62.5,2.5,2.5,NaN,NaN
62.5,7.5,7.5,NaN,NaN
62.5,12.5,12.5,NaN,NaN
62.5,17.5,17.5,NaN,NaN
62.5,22.5,22.5,NaN,NaN
62.5,27.5,27.5,NaN,NaN
62.5,32.5,32.5,NaN,NaN
62.5,37.5,37.5,NaN,NaN
62.5,42.5,42.5,NaN,NaN
62.5,47.5,47.5,NaN,NaN
62.5,52.5,52.5,NaN,NaN
62.5,57.5,57.5,NaN,NaN
62.5,62.5,62.5,NaN,NaN
62.5,67.5,67.5,NaN,NaN
62.5,72.5,72.5,NaN,NaN
62.5,77.5,77.5,NaN,NaN
62.5,82.5,82.5,NaN,NaN
62.5,87.5,87.5,NaN,NaN
62.5,92.5,92.5,NaN,NaN
62.5,97.5,97.5,NaN,NaN
62.5,102.5,102.5,NaN,NaN
62.5,107.5,107.5,NaN,NaN
62.5,112.5,112.5,NaN,NaN
62.5,117.5,117.5,NaN,NaN
62.5,122.5,122.5,NaN,NaN
62.5,127.5,127.5,NaN,NaN
62.5,132.5,132.5,NaN,NaN
62.5,137.5,137.5,NaN,NaN
62.5,142.5,142.5,NaN,NaN
62.5,147.5,147.5,NaN,NaN
62.5,152.5,152.5,NaN,NaN
62.5,157.5,157.5,NaN,NaN
62.5,162.5,162.5,NaN,NaN
62.5,167.5,167.5,NaN,NaN
62.5,172.5,172.5,NaN,NaN
62.5,177.5,177.5,NaN,NaN
62.5,182.5,-177.5,NaN,NaN
62.5,187.5,-172.5,NaN,NaN
62.5,192.5,-167.5,NaN,NaN
62.5,197.5,-162.5,NaN,NaN
62.5,202.5,-157.5,NaN,NaN
62.5,207.5,-152.5,NaN,NaN
62.5,212.5,-147.5,NaN,NaN
62.5,217.5,-142.5,NaN,NaN
62.5,222.5,-137.5,NaN,NaN
62.5,227.5,-132.5,NaN,NaN
62.5,232.5,-127.5,NaN,NaN
62.5,237.5,-122.5,NaN,NaN
62.5,242.5,-117.5,NaN,NaN
62.5,247.5,-112.5,NaN,NaN
62.5,252.5,-107.5,NaN,NaN
62.5,257.5,-102.5,NaN,NaN
62.5,262.5,-97.5,NaN,NaN
62.5,267.5,-92.5,NaN,NaN
62.5,272.5,-87.5,NaN,NaN
62.5,277.5,-82.5,NaN,NaN
62.5,282.5,-77.5,NaN,NaN
62.5,287.5,-72.5,NaN,NaN
62.5,292.5,-67.5,NaN,NaN
62.5,297.5,-62.5,NaN,NaN
62.5,302.5,-57.5,NaN,NaN
62.5,307.5,-52.5,NaN,NaN
62.5,312.5,-47.5,NaN,NaN
62.5,317.5,-42.5,NaN,NaN
62.5,322.5,-37.5,NaN,NaN
62.5,327.5,-32.5,NaN,NaN
62.5,332.5,-27.5,NaN,NaN
62.5,337.5,-22.5,NaN,NaN
62.5,342.5,-17.5,NaN,NaN
62.5,347.5,-12.5,NaN,NaN
62.5,352.5,-7.5,NaN,NaN
62.5,357.5,-2.5,NaN,NaN
67.5,2.5,2.5,NaN,NaN
67.5,7.5,7.5,NaN,NaN
67.5,12.5,12.5,NaN,NaN
67.5,17.5,17.5,NaN,NaN
67.5,22.5,22.5,NaN,NaN
67.5,27.5,27.5,NaN,NaN
67.5,32.5,32.5,NaN,NaN
67.5,37.5,37.5,NaN,NaN
67.5,42.5,42.5,NaN,NaN
67.5,47.5,47.5,NaN,NaN
67.5,52.5,52.5,NaN,NaN
67.5,57.5,57.5,NaN,NaN
67.5,62.5,62.5,NaN,NaN
67.5,67.5,67.5,NaN,NaN
67.5,72.5,72.5,NaN,NaN
67.5,77.5,77.5,NaN,NaN
67.5,82.5,82.5,NaN,NaN
67.5,87.5,87.5,NaN,NaN
67.5,92.5,92.5,NaN,NaN
67.5,97.5,97.5,NaN,NaN
67.5,102.5,102.5,NaN,NaN
67.5,107.5,107.5,NaN,NaN
67.5,112.5,112.5,NaN,NaN
67.5,117.5,117.5,NaN,NaN
67.5,122.5,122.5,NaN,NaN
67.5,127.5,127.5,NaN,NaN
67.5,132.5,132.5,NaN,NaN
67.5,137.5,137.5,NaN,NaN
67.5,142.5,142.5,NaN,NaN
67.5,147.5,147.5,NaN,NaN
67.5,152.5,152.5,NaN,NaN
67.5,157.5,157.5,NaN,NaN
67.5,162.5,162.5,NaN,NaN
67.5,167.5,167.5,NaN,NaN
67.5,172.5,172.5,NaN,NaN
67.5,177.5,177.5,NaN,NaN
67.5,182.5,-177.5,NaN,NaN
67.5,187.5,-172.5,NaN,NaN
67.5,192.5,-167.5,NaN,NaN
67.5,197.5,-162.5,NaN,NaN
67.5,202.5,-157.5,NaN,NaN
67.5,207.5,-152.5,NaN,NaN
67.5,212.5,-147.5,NaN,NaN
67.5,217.5,-142.5,NaN,NaN
67.5,222.5,-137.5,NaN,NaN
67.5,227.5,-132.5,NaN,NaN
67.5,232.5,-127.5,NaN,NaN
67.5,237.5,-122.5,NaN,NaN
67.5,242.5,-117.5,NaN,NaN
67.5,247.5,-112.5,NaN,NaN
67.5,252.5,-107.5,NaN,NaN
67.5,257.5,-102.5,NaN,NaN
67.5,262.5,-97.5,NaN,NaN
67.5,267.5,-92.5,NaN,NaN
67.5,272.5,-87.5,NaN,NaN
67.5,277.5,-82.5,NaN,NaN
67.5,282.5,-77.5,NaN,NaN
67.5,287.5,-72.5,NaN,NaN
67.5,292.5,-67.5,NaN,NaN
67.5,297.5,-62.5,NaN,NaN
67.5,302.5,-57.5,NaN,NaN
67.5,307.5,-52.5,NaN,NaN
67.5,312.5,-47.5,NaN,NaN
67.5,317.5,-42.5,NaN,NaN
67.5,322.5,-37.5,NaN,NaN
67.5,327.5,-32.5,NaN,NaN
67.5,332.5,-27.5,NaN,NaN
67.5,337.5,-22.5,NaN,NaN
67.5,342.5,-17.5,NaN,NaN
67.5,347.5,-12.5,NaN,NaN
67.5,352.5,-7.5,NaN,NaN
67.5,357.5,-2.5,NaN,NaN
72.5,2.5,2.5,NaN,NaN
72.5,7.5,7.5,NaN,NaN
72.5,12.5,12.5,NaN,NaN
72.5,17.5,17.5,NaN,NaN
72.5,22.5,22.5,NaN,NaN
72.5,27.5,27.5,NaN,NaN
72.5,32.5,32.5,NaN,NaN
72.5,37.5,37.5,NaN,NaN
72.5,42.5,42.5,NaN,NaN
72.5,47.5,47.5,NaN,NaN
72.5,52.5,52.5,NaN,NaN
72.5,57.5,57.5,NaN,NaN
72.5,62.5,62.5,NaN,NaN
72.5,67.5,67.5,NaN,NaN
72.5,72.5,72.5,NaN,NaN
72.5,77.5,77.5,NaN,NaN
72.5,82.5,82.5,NaN,NaN
72.5,87.5,87.5,NaN,NaN
72.5,92.5,92.5,NaN,NaN
72.5,97.5,97.5,NaN,NaN
72.5,102.5,102.5,NaN,NaN
72.5,107.5,107.5,NaN,NaN
72.5,112.5,112.5,NaN,NaN
72.5,117.5,117.5,NaN,NaN
72.5,122.5,122.5,NaN,NaN
72.5,127.5,127.5,NaN,NaN
72.5,132.5,132.5,NaN,NaN
72.5,137.5,137.5,NaN,NaN
72.5,142.5,142.5,NaN,NaN
72.5,147.5,147.5,NaN,NaN
72.5,152.5,152.5,NaN,NaN
72.5,157.5,157.5,NaN,NaN
72.5,162.5,162.5,NaN,NaN
72.5,167.5,167.5,NaN,NaN
72.5,172.5,172.5,NaN,NaN
72.5,177.5,177.5,NaN,NaN
72.5,182.5,-177.5,NaN,NaN
72.5,187.5,-172.5,NaN,NaN
72.5,192.5,-167.5,NaN,NaN
72.5,197.5,-162.5,NaN,NaN
72.5,202.5,-157.5,NaN,NaN
72.5,207.5,-152.5,NaN,NaN
72.5,212.5,-147.5,NaN,NaN
72.5,217.5,-142.5,NaN,NaN
72.5,222.5,-137.5,NaN,NaN
72.5,227.5,-132.5,NaN,NaN
72.5,232.5,-127.5,NaN,NaN
72.5,237.5,-122.5,NaN,NaN
72.5,242.5,-117.5,NaN,NaN
72.5,247.5,-112.5,NaN,NaN
72.5,252.5,-107.5,NaN,NaN
72.5,257.5,-102.5,NaN,NaN
72.5,262.5,-97.5,NaN,NaN
72.5,267.5,-92.5,NaN,NaN
72.5,272.5,-87.5,NaN,NaN
72.5,277.5,-82.5,NaN,NaN
72.5,282.5,-77.5,NaN,NaN
72.5,287.5,-72.5,NaN,NaN
72.5,292.5,-67.5,NaN,NaN
72.5,297.5,-62.5,NaN,NaN
72.5,302.5,-57.5,NaN,NaN
72.5,307.5,-52.5,NaN,NaN
72.5,312.5,-47.5,NaN,NaN
72.5,317.5,-42.5,NaN,NaN
72.5,322.5,-37.5,NaN,NaN
72.5,327.5,-32.5,NaN,NaN
72.5,332.5,-27.5,NaN,NaN
72.5,337.5,-22.5,NaN,NaN
72.5,342.5,-17.5,NaN,NaN
72.5,347.5,-12.5,NaN,NaN
72.5,352.5,-7.5,NaN,NaN
72.5,357.5,-2.5,NaN,NaN
77.5,2.5,2.5,NaN,NaN
77.5,7.5,7.5,NaN,NaN
77.5,12.5,12.5,NaN,NaN
77.5,17.5,17.5,NaN,NaN
77.5,22.5,22.5,NaN,NaN
77.5,27.5,27.5,NaN,NaN
77.5,32.5,32.5,NaN,NaN
77.5,37.5,37.5,NaN,NaN
77.5,42.5,42.5,NaN,NaN
77.5,47.5,47.5,NaN,NaN
77.5,52.5,52.5,NaN,NaN
77.5,57.5,57.5,NaN,NaN
77.5,62.5,62.5,NaN,NaN
77.5,67.5,67.5,NaN,NaN
77.5,72.5,72.5,NaN,NaN
77.5,77.5,77.5,NaN,NaN
77.5,82.5,82.5,NaN,NaN
77.5,87.5,87.5,NaN,NaN
77.5,92.5,92.5,NaN,NaN
77.5,97.5,97.5,NaN,NaN
77.5,102.5,102.5,NaN,NaN
77.5,107.5,107.5,NaN,NaN
77.5,112.5,112.5,NaN,NaN
77.5,117.5,117.5,NaN,NaN
77.5,122.5,122.5,NaN,NaN
77.5,127.5,127.5,NaN,NaN
77.5,132.5,132.5,NaN,NaN
77.5,137.5,137.5,NaN,NaN
77.5,142.5,142.5,NaN,NaN
77.5,147.5,147.5,NaN,NaN
77.5,152.5,152.5,NaN,NaN
77.5,157.5,157.5,NaN,NaN
77.5,162.5,162.5,NaN,NaN
77.5,167.5,167.5,NaN,NaN
77.5,172.5,172.5,NaN,NaN
77.5,177.5,177.5,NaN,NaN
77.5,182.5,-177.5,NaN,NaN
77.5,187.5,-172.5,NaN,NaN
77.5,192.5,-167.5,NaN,NaN
77.5,197.5,-162.5,NaN,NaN
77.5,202.5,-157.5,NaN,NaN
77.5,207.5,-152.5,NaN,NaN
77.5,212.5,-147.5,NaN,NaN
77.5,217.5,-142.5,NaN,NaN
77.5,222.5,-137.5,NaN,NaN
77.5,227.5,-132.5,NaN,NaN
77.5,232.5,-127.5,NaN,NaN
77.5,237.5,-122.5,NaN,NaN
77.5,242.5,-117.5,NaN,NaN
77.5,247.5,-112.5,NaN,NaN
77.5,252.5,-107.5,NaN,NaN
77.5,257.5,-102.5,NaN,NaN
77.5,262.5,-97.5,NaN,NaN
77.5,267.5,-92.5,NaN,NaN
77.5,272.5,-87.5,NaN,NaN
77.5,277.5,-82.5,NaN,NaN
77.5,282.5,-77.5,NaN,NaN
77.5,287.5,-72.5,NaN,NaN
77.5,292.5,-67.5,NaN,NaN
77.5,297.5,-62.5,NaN,NaN
77.5,302.5,-57.5,NaN,NaN
77.5,307.5,-52.5,NaN,NaN
77.5,312.5,-47.5,NaN,NaN
77.5,317.5,-42.5,NaN,NaN
77.5,322.5,-37.5,NaN,NaN
77.5,327.5,-32.5,NaN,NaN
77.5,332.5,-27.5,NaN,NaN
77.5,337.5,-22.5,NaN,NaN
77.5,342.5,-17.5,NaN,NaN
77.5,347.5,-12.5,NaN,NaN
77.5,352.5,-7.5,NaN,NaN
77.5,357.5,-2.5,NaN,NaN
82.5,2.5,2.5,NaN,NaN
82.5,7.5,7.5,NaN,NaN
82.5,12.5,12.5,NaN,NaN
82.5,17.5,17.5,NaN,NaN
82.5,22.5,22.5,NaN,NaN
82.5,27.5,27.5,NaN,NaN
82.5,32.5,32.5,NaN,NaN
82.5,37.5,37.5,NaN,NaN
82.5,42.5,42.5,NaN,NaN
82.5,47.5,47.5,NaN,NaN
82.5,52.5,52.5,NaN,NaN
82.5,57.5,57.5,NaN,NaN
82.5,62.5,62.5,NaN,NaN
82.5,67.5,67.5,NaN,NaN
82.5,72.5,72.5,NaN,NaN
82.5,77.5,77.5,NaN,NaN
82.5,82.5,82.5,NaN,NaN
82.5,87.5,87.5,NaN,NaN
82.5,92.5,92.5,NaN,NaN
82.5,97.5,97.5,NaN,NaN
82.5,102.5,102.5,NaN,NaN
82.5,107.5,107.5,NaN,NaN
82.5,112.5,112.5,NaN,NaN
82.5,117.5,117.5,NaN,NaN
82.5,122.5,122.5,NaN,NaN
82.5,127.5,127.5,NaN,NaN
82.5,132.5,132.5,NaN,NaN
82.5,137.5,137.5,NaN,NaN
82.5,142.5,142.5,NaN,NaN
82.5,147.5,147.5,NaN,NaN
82.5,152.5,152.5,NaN,NaN
82.5,157.5,157.5,NaN,NaN
82.5,162.5,162.5,NaN,NaN
82.5,167.5,167.5,NaN,NaN
82.5,172.5,172.5,NaN,NaN
82.5,177.5,177.5,NaN,NaN
82.5,182.5,-177.5,NaN,NaN
82.5,187.5,-172.5,NaN,NaN
82.5,192.5,-167.5,NaN,NaN
82.5,197.5,-162.5,NaN,NaN
82.5,202.5,-157.5,NaN,NaN
82.5,207.5,-152.5,NaN,NaN
82.5,212.5,-147.5,NaN,NaN
82.5,217.5,-142.5,NaN,NaN
82.5,222.5,-137.5,NaN,NaN
82.5,227.5,-132.5,NaN,NaN
82.5,232.5,-127.5,NaN,NaN
82.5,237.5,-122.5,NaN,NaN
82.5,242.5,-117.5,NaN,NaN
82.5,247.5,-112.5,NaN,NaN
82.5,252.5,-107.5,NaN,NaN
82.5,257.5,-102.5,NaN,NaN
82.5,262.5,-97.5,NaN,NaN
82.5,267.5,-92.5,NaN,NaN
82.5,272.5,-87.5,NaN,NaN
82.5,277.5,-82.5,NaN,NaN
82.5,282.5,-77.5,NaN,NaN
82.5,287.5,-72.5,NaN,NaN
82.5,292.5,-67.5,NaN,NaN
82.5,297.5,-62.5,NaN,NaN
82.5,302.5,-57.5,NaN,NaN
82.5,307.5,-52.5,NaN,NaN
82.5,312.5,-47.5,NaN,NaN
82.5,317.5,-42.5,NaN,NaN
82.5,322.5,-37.5,NaN,NaN
82.5,327.5,-32.5,NaN,NaN
82.5,332.5,-27.5,NaN,NaN
82.5,337.5,-22.5,NaN,NaN
82.5,342.5,-17.5,NaN,NaN
82.5,347.5,-12.5,NaN,NaN
82.5,352.5,-7.5,NaN,NaN
82.5,357.5,-2.5,NaN,NaN
87.5,2.5,2.5,NaN,NaN
87.5,7.5,7.5,NaN,NaN
87.5,12.5,12.5,NaN,NaN
87.5,17.5,17.5,NaN,NaN
87.5,22.5,22.5,NaN,NaN
87.5,27.5,27.5,NaN,NaN
87.5,32.5,32.5,NaN,NaN
87.5,37.5,37.5,NaN,NaN
87.5,42.5,42.5,NaN,NaN
87.5,47.5,47.5,NaN,NaN
87.5,52.5,52.5,NaN,NaN
87.5,57.5,57.5,NaN,NaN
87.5,62.5,62.5,NaN,NaN
87.5,67.5,67.5,NaN,NaN
87.5,72.5,72.5,NaN,NaN
87.5,77.5,77.5,NaN,NaN
87.5,82.5,82.5,NaN,NaN
87.5,87.5,87.5,NaN,NaN
87.5,92.5,92.5,NaN,NaN
87.5,97.5,97.5,NaN,NaN
87.5,102.5,102.5,NaN,NaN
87.5,107.5,107.5,NaN,NaN
87.5,112.5,112.5,NaN,NaN
87.5,117.5,117.5,NaN,NaN
87.5,122.5,122.5,NaN,NaN
87.5,127.5,127.5,NaN,NaN
87.5,132.5,132.5,NaN,NaN
87.5,137.5,137.5,NaN,NaN
87.5,142.5,142.5,NaN,NaN
87.5,147.5,147.5,NaN,NaN
87.5,152.5,152.5,NaN,NaN
87.5,157.5,157.5,NaN,NaN
87.5,162.5,162.5,NaN,NaN
87.5,167.5,167.5,NaN,NaN
87.5,172.5,172.5,NaN,NaN
87.5,177.5,177.5,NaN,NaN
87.5,182.5,-177.5,NaN,NaN
87.5,187.5,-172.5,NaN,NaN
87.5,192.5,-167.5,NaN,NaN
87.5,197.5,-162.5,NaN,NaN
87.5,202.5,-157.5,NaN,NaN
87.5,207.5,-152.5,NaN,NaN
87.5,212.5,-147.5,NaN,NaN
87.5,217.5,-142.5,NaN,NaN
87.5,222.5,-137.5,NaN,NaN
87.5,227.5,-132.5,NaN,NaN
87.5,232.5,-127.5,NaN,NaN
87.5,237.5,-122.5,NaN,NaN
87.5,242.5,-117.5,NaN,NaN
87.5,247.5,-112.5,NaN,NaN
87.5,252.5,-107.5,NaN,NaN
87.5,257.5,-102.5,NaN,NaN
87.5,262.5,-97.5,NaN,NaN
87.5,267.5,-92.5,NaN,NaN
87.5,272.5,-87.5,NaN,NaN
87.5,277.5,-82.5,NaN,NaN
87.5,282.5,-77.5,NaN,NaN
87.5,287.5,-72.5,NaN,NaN
87.5,292.5,-67.5,NaN,NaN
87.5,297.5,-62.5,NaN,NaN
87.5,302.5,-57.5,NaN,NaN
87.5,307.5,-52.5,NaN,NaN
87.5,312.5,-47.5,NaN,NaN
87.5,317.5,-42.5,NaN,NaN
87.5,322.5,-37.5,NaN,NaN
87.5,327.5,-32.5,NaN,NaN
87.5,332.5,-27.5,NaN,NaN
87.5,337.5,-22.5,NaN,NaN
87.5,342.5,-17.5,NaN,NaN
87.5,347.5,-12.5,NaN,NaN
87.5,352.5,-7.5,NaN,NaN
87.5,357.5,-2.5,NaN,NaN